id;time;Euler1;Euler2;Euler3;Quat1;Quat2;Quat3;Quat4;Gyro1;Gyro2;Gyro3
1;00.00.53;348,5;-5,875;6,1875;0,992249;0,0485229;0,0567627;0,0994263;0,0766667;0,00888889;-0,166667
2;00.01.53;344,812;-11,0625;7,5625;0,984436;0,0521851;0,104553;0,131165;0,0122222;0,0666667;-0,00777778
3;00.02.53;345,187;-17,6875;10,9375;0,975464;0,0713501;0,165649;0,126404;0,0233333;0,0822222;-0,0744444
4;00.03.53;338,25;-16,75;13,5;0,965027;0,0844116;0,165466;0,184937;0,0366667;-0,0377778;0,0188889
5;00.04.53;336,187;-18,375;13,625;0,95929;0,0787964;0,181091;0,201782;-0,0344444;-0,0222222;-0,107778
6;00.05.53;329,125;-17,4375;16,5;0,943176;0,0928955;0,184753;0,260193;0,0166667;-0,0377778;-0,0633333
7;00.06.53;323,25;-15;15,3125;0,932678;0,0818481;0,16626;0,309448;-0,0344444;-0,0888889;-0,0233333
8;00.07.53;319,5;-15,6875;14,375;0,922363;0,0666504;0,171448;0,339722;0,00777778;0,0177778;-0,0388889
9;00.08.53;314,937;-15,5625;15,4375;0,907104;0,0684814;0,176575;0,375916;0,0566667;0,0355556;0,105556
10;00.09.55;316,5;-18,625;16,375;0,907532;0,0665283;0,20282;0,361755;0,09;-0,0466667;-0,0388889
11;00.10.53;310,187;-19,125;17;0,884827;0,0578613;0,21228;0,410767;-0,0477778;-0,0577778;-0,05
12;00.11.53;307,938;-19;17,25;0,876587;0,0560913;0,213257;0,427734;0,0211111;-0,0333333;-0,00777778
13;00.12.53;310,187;-22,625;17,1875;0,879639;0,0441895;0,239075;0,408752;-0,07;-0,0755555;0,09
14;00.13.53;305,562;-22,5625;17,0625;0,862915;0,0340576;0,23999;0,443481;0,0811111;-0,0222222;-0,0522222
15;00.14.53;300,375;-25,5625;17,4375;0,837341;0,0101929;0,263794;0,47876;-0,0433333;-0,00444444;-0,144444
16;00.15.53;300,437;-23,9375;16,75;0,840576;0,0140381;0,249756;0,480469;-0,0233333;0,0222222;-0,0722222
17;00.16.53;296,812;-23,8125;15,875;0,825928;0,00109863;0,2453;0,507568;-0,00333333;0,00888889;-0,0122222
18;00.17.54;292,375;-23,875;19,8125;0,801941;0,0159302;0,264343;0,535461;-0,07;0,0977778;-0,231111
19;00.18.56;291,562;-23,0625;24;0,793274;0,0465088;0,279053;0,539185;0,0433333;0,1;0,0366667
20;00.19.54;288,812;-23,4375;26,4375;0,776245;0,0528564;0,294189;0,555115;0,0455555;0,0288889;0,0611111
21;00.20.54;291,375;-28,6875;26,0625;0,780396;0,0250854;0,325195;0,533508;0,00777778;0,0666667;0,175556
22;00.21.54;296,062;-32,875;25,625;0,795166;0,0112915;0,348572;0,496094;-0,00111111;0,0288889;0,0366667
23;00.22.54;297,875;-35,125;31,9375;0,788452;0,0401001;0,389099;0,474731;-0,128889;-0,0333333;0,0588889
24;00.23.54;293,562;-31,9375;32,625;0,774841;0,050354;0,37439;0,506836;-0,00111111;-0,0577778;0,0122222
25;00.24.54;292,375;-33,75;34,9375;0,761902;0,0472412;0,396729;0,509827;-0,00111111;0,0466667;0,0477778
26;00.25.57;288,437;-33,25;36,0625;0,742737;0,0432739;0,400269;0,535034;0,0388889;0,02;0,00555556
27;00.26.54;283,625;-33,3125;37,375;0,71698;0,0325317;0,408752;0,563721;0,0211111;0,0111111;-0,114444
28;00.27.54;282,687;-35,5;37,4375;0,708557;0,0129395;0,420349;0,56665;-0,0388889;0,0577778;-0,0855556
29;00.28.54;283,687;-35,875;39,75;0,708069;0,0252075;0,433289;0,557007;-0,126667;-0,0911111;0,157778
30;00.29.54;277,75;-30,625;42,75;0,680298;0,0579224;0,425598;0,593933;0,0411111;0,06;-0,0433333
31;00.30.54;274;-30,1875;50,3125;0,64447;0,081543;0,46637;0,600403;-0,0122222;-0,125556;0,0811111
32;00.31.54;271,875;-32,5625;56,0625;0,616333;0,074646;0,509338;0,595947;0,0233333;-0,0111111;0,0522222
33;00.32.54;270,5;-31,75;58,25;0,604248;0,0841675;0,519165;0,598572;-0,0677778;0,0111111;-0,03
34;00.33.54;272,75;-31,8125;57,5625;0,617432;0,0910645;0,514038;0,588379;-0,0855556;-0,0177778;0,03
35;00.34.54;271,25;-30,9375;58,5;0,608459;0,0958252;0,516663;0,594727;0,0411111;-0,02;0,0188889
36;00.35.54;273,375;-29,6875;55,6875;0,628052;0,106018;0,494019;0,591858;0,00111111;-0,0644444;0,0366667
37;00.36.54;271,937;-31,9375;58,5;0,610718;0,0900269;0,520142;0,590271;-0,00555556;-0,0355556;0,0255556
38;00.37.54;268,25;-29,625;58,5625;0,593628;0,0944824;0,514282;0,611694;0,0855556;0,0644444;-0,0877778
39;00.38.54;264,812;-27,9375;64,1875;0,560974;0,114441;0,543152;0,614197;-0,0655555;0,0622222;-0,0944444
40;00.39.54;262,812;-28,8125;69,25;0,535583;0,11145;0,576538;0,606934;0,0322222;-0,0111111;-0,0922222
41;00.40.54;261,063;-30,9375;68,9375;0,525818;0,0800171;0,582703;0,614441;0,0233333;-0,0533333;-0,0611111
42;00.41.54;253,937;-22,6875;70,375;0,486633;0,132324;0,572632;0,646362;-0,0433333;0,0377778;0,0211111
43;00.42.54;255,875;-23,0625;70;0,498657;0,137329;0,569336;0,639038;-0,0455555;0,0488889;0,03
44;00.43.54;248,062;-13,875;65,125;0,469421;0,1745;0,515747;0,695129;0,0566667;0,181111;-0,0211111
45;00.44.54;243,625;-11,875;66,0625;0,440857;0,177856;0,519836;0,709778;-0,0677778;-0,0288889;0,14
46;00.45.54;246,375;-11,8125;65,5625;0,458679;0,18866;0,512268;0,701111;0,00777778;0,125556;-0,0388889
47;00.46.54;233,375;-6,3125;64,1875;0,380371;0,17981;0,500732;0,75647;-0,128889;-0,0888889;0,118889
48;00.47.54;231,437;-3,1875;64,5625;0,366943;0,201843;0,494751;0,761475;-0,0522222;-0,0666667;0,0255556
49;00.48.54;228,938;-0,4375;65,3125;0,348938;0,219604;0,493103;0,766113;0,0588889;0,0444444;-0,0988889
50;00.49.54;218,937;8,8125;62,6875;0,284119;0,256836;0,455566;0,803589;0,01;0,00666667;0,0388889
51;00.50.54;208,312;16,0625;58,3125;0,212402;0,270325;0,418152;0,84082;-0,05;0,0266667;-0,0166667
52;00.51.54;207,813;12,3125;59,625;0,207825;0,237183;0,443665;0,838867;0,0188889;0,02;-0,133333
53;00.52.54;205,75;13,9375;60,75;0,19104;0,247192;0,449707;0,836792;-0,0122222;-0,00444444;0,0633333
54;00.53.54;201,625;18,375;63;0,159119;0,277771;0,456177;0,830322;0,0633333;-0,06;-0,0144444
55;00.54.54;197,437;19,3125;65,125;0,126709;0,273804;0,476624;0,825745;0,103333;-0,00222222;0,05
56;00.55.54;195,313;14,5625;65,6875;0,111511;0,21991;0,502747;0,828552;0,103333;-0,00222222;-0,0522222
57;00.56.54;189,875;15,9375;65,25;0,0725098;0,208801;0,505432;0,834106;0,0433333;0,0444444;-0,184444
58;00.57.54;189,5;15,3125;61,5;0,0715942;0,195435;0,482117;0,851074;0,0722222;0,06;-0,151111
59;00.58.54;183,187;19,0625;65,4375;0,0238037;0,210754;0,509277;0,834045;-0,00333333;-0,0466667;-0,0544444
60;00.59.54;191,312;11,8125;64,6875;0,0829468;0,173523;0,510986;0,83783;0,0766667;-0,0488889;0,116667
61;01.00.54;193,75;10,75;60,625;0,102966;0,167603;0,481445;0,854126;0,124444;0,0133333;0,0744444
62;01.01.54;185,938;18;56,375;0,0455933;0,2005;0,443604;0,872314;0,103333;0,0688889;0,03
63;01.02.54;184,875;15;54,6875;0,0385132;0,166077;0,440063;0,881653;0,0433333;-0,0177778;-0,14
64;01.03.54;182,875;15,3125;53,875;0,022644;0,160522;0,435974;0,885254;0,00333333;0,00666667;-0,0744444
65;01.04.54;184;11,3125;53,5;0,0310669;0,12616;0,438782;0,88916;0,00111111;0,0311111;0,00777778
66;01.05.54;185,812;9,375;55,5;0,0447388;0,115967;0,455444;0,881531;-0,00555556;-0,04;-0,0766667
67;01.06.54;181,125;12,625;54,3125;0,00909424;0,128479;0,446289;0,885559;-0,00777778;0,0111111;0,0566667
68;01.07.54;173;17,375;54,1875;0,0535278;-0,142761;-0,44812;-0,880859;-0,0477778;0,0133333;0,0433333
69;01.08.54;176,687;18,125;55,6875;0,0252075;-0,164856;-0,453003;-0,875793;-0,0522222;-0,00222222;0,01
70;01.09.54;179,625;18,125;56,1875;0,00244141;-0,176697;-0,452026;-0,874329;-0,0544444;0,0333333;-0,0433333
71;01.10.54;177,937;24,125;56;0,0153198;-0,227966;-0,439392;-0,868774;-0,0344444;0,00222222;0,03
72;01.11.54;170,937;27,8125;53,25;0,0690308;-0,234375;-0,42511;-0,871521;-0,0233333;-0,06;0,0144444
73;01.12.54;169,562;24,8125;50,875;0,0797729;-0,19928;-0,417297;-0,883057;0,0433333;0,00888889;-0,175556
74;01.13.54;165,875;25,4375;53,6875;0,107605;-0,192688;-0,442322;-0,869263;0,0566667;-0,00666667;0,151111
75;01.14.54;164,063;26,5;56,5625;0,119568;-0,196289;-0,464111;-0,855469;0,0877778;0,13;0,0233333
76;01.15.54;164,625;26;59,3125;0,11438;-0,193604;-0,48291;-0,846313;0,00333333;0,113333;-0,0144444
77;01.16.54;160,437;27,25;58,5;0,144897;-0,188782;-0,482178;-0,84314;0,0122222;-0,0711111;-0,0433333
78;01.17.54;162,125;29,0625;65;0,12854;-0,216003;-0,518494;-0,817322;0,0188889;0,0488889;0,0166667
79;01.18.54;162,5;33,3125;63,6875;0,125549;-0,25946;-0,497925;-0,817932;0,00777778;0,0155556;-0,05
80;01.19.54;155,313;38;57,8125;0,179749;-0,273071;-0,464844;-0,822815;-0,0277778;-0,0866666;0,0366667
81;01.20.54;156,375;36,6875;55,9375;0,17395;-0,263733;-0,454041;-0,833069;0,0455555;0,0355556;-0,0277778
82;01.21.54;150,312;40;57;0,215515;-0,271606;-0,466736;-0,813599;-0,0122222;0,0177778;0,0722222
83;01.22.54;236,125;45,25;53,5625;0,245178;-0,305725;-0,444641;-0,80542;-0,0388889;-0,0377778;0,0322222
84;01.23.54;150;43,875;54,375;0,217957;-0,307617;-0,442444;-0,813721;-0,0744444;0;0,0611111
85;01.24.54;234,5;46,1875;54,625;0,255005;-0,307922;-0,452637;-0,797058;-0,00777778;0,0444444;0,0433333
86;01.25.54;232,813;45;51,75;0,270203;-0,290833;-0,443542;-0,803528;-0,07;0,0177778;0,00111111
87;01.26.54;234;46,6875;52,875;0,259277;-0,311462;-0,442993;-0,799683;0,00555556;0;-0,0522222
88;01.27.54;230,687;45,1875;49,875;0,28656;-0,285706;-0,437622;-0,802979;0,03;0,115556;0,0522222
89;01.28.54;222,375;45,4375;42,8125;0,350769;-0,263916;-0,416504;-0,796143;0,101111;0,0333333;-0,101111
90;01.29.54;132,25;44,0625;45,9375;0,350342;-0,246948;-0,435181;-0,791748;-0,0344444;-0,00888889;0,0344444
91;01.30.54;224,375;47;46,9375;0,331482;-0,280945;-0,433838;-0,789307;-0,0233333;0,0155556;-0,05
92;01.31.54;222,187;51,125;44,8125;0,344116;-0,312805;-0,42334;-0,777527;-0,0677778;0,0911111;-0,0988889
93;01.32.54;219,687;56,5625;40,0625;0,359009;-0,359558;-0,400024;-0,762756;-0,0833333;-0,0266667;0,278889
94;01.33.54;216,062;58,8125;42,1875;0,376953;-0,363953;-0,419495;-0,741272;0,0766667;-0,0977778;-0,114444
95;01.34.54;216,562;58,8125;37,5;0,377563;-0,370728;-0,396729;-0,750061;0,0188889;0,0844444;-0,0722222
96;01.35.54;214,687;58,875;39,6875;0,387573;-0,362549;-0,412292;-0,740479;-0,0477778;0,04;-0,0233333
97;01.36.54;208;55,8125;32,125;0,442261;-0,323181;-0,397278;-0,736267;0,0411111;0,00888889;-0,11
98;01.37.54;205,75;58,6875;26,4375;0,455078;-0,350952;-0,380005;-0,724792;0,0522222;0,0755555;0,03
99;01.38.54;204,688;61,8125;25,25;0,455566;-0,375305;-0,382141;-0,710999;-0,107778;-0,0466667;0,0366667
100;01.39.54;201,25;57,1875;25,375;0,486938;-0,326355;-0,385986;-0,712341;-0,0477778;-0,0888889;0,07
101;01.40.54;203,437;56,375;32;0,470215;-0,312256;-0,409729;-0,716614;0,00333333;0;-0,213333
102;01.41.54;202;53,125;32,0625;0,485779;-0,280029;-0,409546;-0,719604;-0,00333333;-0,0577778;0,116667
103;01.42.54;198,562;56,4375;25,875;0,504761;-0,309692;-0,394287;-0,702698;-0,0277778;-0,0711111;0,0811111
104;01.43.54;193,375;54,4375;25,6875;0,540894;-0,276123;-0,402344;-0,685059;-0,0411111;-0,0444444;0,157778
105;01.44.54;191,25;56,9375;26,9375;0,546692;-0,284973;-0,419189;-0,666443;0,0366667;-0,0111111;0,0211111
106;01.45.54;181,937;62,125;19;0,589905;-0,312317;-0,426514;-0,610413;-0,00555556;0,0777778;-0,00777778
107;01.46.54;182,562;63,625;18,4375;0,582031;-0,326721;-0,427795;-0,609497;-0,0411111;-0,0266667;-0,0588889
108;01.47.54;181,25;63,9375;12;0,591125;-0,342224;-0,410339;-0,604248;0,0366667;-0,0266667;-0,0366667
109;01.48.54;177,937;64,75;-5,25;0,607422;-0,389282;-0,36908;-0,585938;-0,0944444;0,02;0,101111
110;01.49.54;175,187;58,75;-15,0625;0,637817;-0,391418;-0,310547;-0,586121;0,0144444;0,0844444;0,0366667
111;01.50.54;172;55,5;-16,25;0,662781;-0,376221;-0,294678;-0,576477;-0,0522222;-0,0222222;-0,0166667
112;01.51.54;172,5;56,4375;-21;0,654236;-0,401489;-0,284668;-0,57428;0,01;-0,04;0,103333
113;01.52.54;169,625;58,9375;-24,625;0,65802;-0,416748;-0,303589;-0,548767;-0,0344444;-0,00444444;0,0322222
114;01.53.54;166,625;55,9375;-20;0,685242;-0,380188;-0,304626;-0,541382;0,0388889;-0,0622222;-0,0255556
115;01.54.54;163;52,4375;-28,9375;0,70343;-0,404541;-0,264465;-0,521179;0,0411111;0;-0,137778
116;01.55.54;162,375;52,8125;-30,375;0,703979;-0,411743;-0,264893;-0,514526;-0,0566667;-0,0155556;0,148889
117;01.56.54;160,625;48,9375;-37,4375;0,711548;-0,436951;-0,220825;-0,504028;0,0411111;-0,0377778;0,0144444
118;01.57.54;70,6875;44,75;-38,4375;0,719116;-0,435486;-0,180908;-0,510376;-0,0255556;0,0377778;-0,0433333
119;01.58.54;166;47,125;-34,9375;0,69519;-0,429871;-0,19165;-0,543274;0,00333333;0,102222;-0,00333333
120;01.59.54;69,75;43,875;-37,875;0,726563;-0,428711;-0,179077;-0,506226;0,0833333;-0,0844444;-0,01
121;02.00.54;68,3125;42,1875;-36,9375;0,738098;-0,41803;-0,171631;-0,501038;-0,00333333;0,0444444;0,0744444
122;02.01.54;67,625;40,375;-41,125;0,736877;-0,43811;-0,146362;-0,493591;-0,00777778;-0,102222;0,0877778
123;02.02.54;67,5625;43,5;-43,125;0,72644;-0,454895;-0,169739;-0,486389;0,05;-0,0422222;-0,0188889
124;02.03.54;67,5625;44,1875;-46,4375;0,718201;-0,474182;-0,167908;-0,480774;-0,0877778;0,0333333;0,0877778
125;02.04.54;59,5;36;-51,75;0,752014;-0,487244;-0,112244;-0,429504;-0,0522222;-0,00222222;0,0988889
126;02.05.54;60,875;36,1875;-47,625;0,757202;-0,463196;-0,117676;-0,445251;-0,142222;-0,0133333;0,0833333
127;02.06.54;58,875;38,0625;-51,3125;0,751953;-0,485352;-0,136353;-0,424744;-0,0877778;-0,02;-0,00333333
128;02.07.54;155,437;34,75;-62;0,748535;-0,541809;-0,117859;-0,363647;0,133333;-0,0288889;0,126667
129;02.08.54;153,812;36,8125;-62,4375;0,73645;-0,546814;-0,12677;-0,377502;-0,00555556;0,0311111;0,0233333
130;02.09.54;55,625;34,75;-55,1875;0,75769;-0,50354;-0,110229;-0,400208;0,0766667;0,0688889;0,00111111
131;02.10.54;52,4375;29,75;-53,0625;0,782471;-0,482544;-0,0797729;-0,385376;0,0388889;0,0422222;0,00777778
132;02.11.54;43,1875;23,375;-48,8125;0,832642;-0,440247;-0,064209;-0,329712;0,0433333;0,0288889;0,00333333
133;02.12.54;46,75;20,875;-43,625;0,840149;-0,400635;-0,0393677;-0,363403;0,03;0,147778;-0,0877778
134;02.13.54;50,125;21,125;-40,25;0,837891;-0,37793;-0,0385132;-0,391907;0,0633333;0,13;-0,131111
135;02.14.54;52,875;22,6875;-41,4375;0,823364;-0,390808;-0,039978;-0,409607;-0,0411111;0,0488889;-0,0744444
136;02.15.54;52,75;21,8125;-42,4375;0,822021;-0,396057;-0,0301514;-0,40802;0,0166667;0;-0,0744444
137;02.16.55;47,125;20,5;-45,9375;0,832764;-0,416809;-0,0287476;-0,363281;0,0388889;0,0533333;0,03
138;02.17.55;175,75;17,3125;-48,375;0,846375;-0,427734;-0,0158081;-0,316833;0,0166667;0,06;-0,0655555
139;02.18.54;43,75;18,125;-48,0625;0,838989;-0,426941;-0,013916;-0,337036;0,0566667;-0,0488889;-0,0566667
140;02.19.55;180;18,0625;-51,875;0,822021;-0,455139;6,10E-05;-0,342163;-0,0633333;-0,04;-0,0255556
141;02.20.55;184,312;14,6875;-53,1875;0,833008;-0,458984;0,0172729;-0,308472;-0,0722222;-0,0333333;0,01
142;02.21.55;187,75;15,4375;-51,875;0,820251;-0,448914;0,0307617;-0,353149;0,0811111;-0,0533333;-0,0655555
143;02.22.55;189,625;15,8125;-51,6875;0,81189;-0,447632;0,0377197;-0,372864;0,03;0,00888889;0,0588889
144;02.23.55;193;13,8125;-47,1875;0,825256;-0,410034;0,046814;-0,38562;-0,0433333;0,0155556;0,0611111
145;02.24.55;53,3125;16,1875;-43,875;0,821777;-0,391785;0,0270996;-0,412842;-0,112222;-0,0644444;0,128889
146;02.25.55;57,875;17,625;-43,875;0,80365;-0,394592;0,02948;-0,444458;-0,0122222;0,0822222;0,0944444
147;02.26.55;55,5625;14,9375;-44,75;0,812073;-0,393616;0,0484619;-0,42804;0,0277778;0,0555556;0,0855556
148;02.27.55;203,375;11,5;-47,5625;0,810791;-0,403381;0,0836792;-0,415894;-0,01;0,0688889;0,213333
149;02.28.55;196,687;13,375;-50,875;0,81134;-0,434753;0,0639648;-0,385498;0,01;0,0333333;-0,0233333
150;02.29.55;203,25;9,0625;-51;0,826904;-0,426208;0,0878296;-0,356201;-0,01;-0,0133333;-0,0122222
151;02.30.55;201;8,375;-54,1875;0,830322;-0,451294;0,0837402;-0,315979;0,0522222;-0,0666667;-0,146667
152;02.31.55;205,125;6,9375;-51,125;0,837769;-0,424438;0,0946655;-0,330261;-0,0588889;0,00444444;-0,01
153;02.32.55;215,25;1,25;-52,125;0,847961;-0,418945;0,133179;-0,296143;0,0433333;-0,0666667;-0,0322222
154;02.33.55;223,062;-0,9375;-48,625;0,854553;-0,383667;0,151184;-0,315735;0,0122222;0,0288889;0,00111111
155;02.34.55;223,688;-1,5;-50,1875;0,851685;-0,39386;0,158386;-0,307373;0,0344444;0,0844444;0,0322222
156;02.35.55;219,812;-1,375;-49,625;0,862671;-0,394897;0,143494;-0,281616;-0,0677778;0,0511111;0,0744444
157;02.36.55;219;-0,1875;-48,4375;0,861145;-0,387024;0,137207;-0,299683;0,0766667;-0,0422222;-0,14
158;02.37.55;231,375;-5,125;-48,5;0,862244;-0,371643;0,178955;-0,293945;0,0566667;0,0311111;-0,124444
159;02.38.55;231;-4,6875;-48,75;0,859314;-0,374329;0,178223;-0,299438;-0,05;-0,115556;0,0655555
160;02.39.55;238;-7,5;-53,625;0,838684;-0,397156;0,220276;-0,300659;0,0544444;0,0111111;-0,182222
161;02.40.55;240,125;-10,375;-55,9375;0,839539;-0,410461;0,237427;-0,265259;-0,03;-0,0555556;-0,00333333
162;02.41.55;234;-8,25;-59,375;0,827332;-0,443726;0,225891;-0,26001;0,0255556;-0,0244444;-0,0677778
163;02.42.55;239,875;-9,3125;-56,3125;0,832397;-0,412537;0,237183;-0,283936;0,0411111;-0,0666667;-0,121111
164;02.43.55;249,312;-14,0625;-60,9375;0,812256;-0,423157;0,292786;-0,274597;0,00777778;0,0244444;-0,0433333
165;02.44.55;256,75;-19,25;-64,75;0,7995;-0,428711;0,339478;-0,248535;-0,103333;-0,108889;0,0877778
166;02.45.55;248,563;-18;-66,25;0,80365;-0,459473;0,313171;-0,211975;-0,00111111;0,0222222;0,114444
167;02.46.55;247,062;-18,625;-69,625;0,791626;-0,48291;0,320251;-0,193848;-0,0411111;0,0511111;-0,0522222
168;02.47.55;254,312;-19,25;-67,75;0,789795;-0,451904;0,342651;-0,233643;-0,0255556;0,0222222;0,146667
169;02.48.55;253,688;-18,875;-68,1875;0,787598;-0,455872;0,341675;-0,234741;0,0344444;0,0177778;-0,107778
170;02.49.55;254,125;-21,6875;-72,8125;0,772888;-0,480347;0,363647;-0,199219;-0,00333333;0,108889;0,0744444
171;02.50.55;244;-17,0625;-74,1875;0,769165;-0,515808;0,322327;-0,196106;-0,00555556;0;0,00111111
172;02.51.55;246,062;-19,75;-80,1875;0,742065;-0,543091;0,353394;-0,171631;0,0522222;-0,00888889;-0,0588889
173;02.52.55;259,187;-25,8125;-78,75;0,745605;-0,494629;0,410034;-0,176758;-0,0566667;0,0288889;0,112222
174;02.53.55;258,312;-33;-77,4375;0,76532;-0,495728;0,403809;-0,0740356;-0,0277778;-0,0111111;-0,0966667
175;02.54.55;255,062;-34,875;-79,9375;0,75531;-0,519043;0,398987;-0,0296021;-0,0744444;-0,0466667;-0,00333333
176;02.55.55;260,375;-36,5;-80,6875;0,750732;-0,503479;0,425415;-0,043457;0,128889;-0,0977778;-0,03
177;02.56.55;265,375;-40,25;-77,4375;0,762939;-0,474792;0,43811;-0,0234985;-0,0677778;-0,04;0,0455555
178;02.57.55;257,187;-38,6875;-81,9375;0,744568;-0,521423;0,416809;0,00549316;-0,0344444;0,00666667;0,14
179;02.58.55;255,562;-37,3125;-77,5;0,76532;-0,508667;0,394348;0,0032959;-0,0144444;-0,06;-0,00555556
180;02.59.55;350,875;-44,25;-77,125;0,75885;-0,493164;0,421143;0,0598755;-0,00111111;0,0422222;-0,0588889
181;03.00.55;256,187;-42,4375;-79,8125;0,748901;-0,519104;0,407043;0,0631714;-0,0544444;-0,0111111;0,0144444
182;03.01.55;253,5;-40;-77,75;0,760498;-0,518555;0,38739;0,0522461;-0,0233333;0,0533333;0,09
183;03.02.55;248,062;-37,75;-75,4375;0,771423;-0,52478;0,354431;0,0628662;0,0411111;0,02;-0,0633333
184;03.03.55;245,75;-41,25;-72,25;0,7724;-0,521423;0,337341;0,133118;0,114444;0,0155556;0,0122222
185;03.04.55;242,188;-46,0625;-72,9375;0,752686;-0,526428;0,348389;0,186951;-0,0366667;-0,0444444;0,116667
186;03.05.55;242,875;-52,5;-66,0625;0,767578;-0,46051;0,406006;0,184021;-0,00555556;0,0511111;-0,166667
187;03.06.55;238,812;-56,125;-66,5;0,75293;-0,457642;0,423706;0,210022;-0,0833333;0,0577778;-0,0211111
188;03.07.55;234,25;-57,5625;-59,8125;0,758179;-0,439636;0,414917;0,244385;-0,0211111;-0,0577778;-0,0477778
189;03.08.55;237,125;-56,4375;-66,25;0,749878;-0,460999;0,419861;0,221069;-0,00555556;0,0288889;-0,00333333
190;03.09.55;232,125;-57,1875;-63,6875;0,745117;-0,464722;0,404419;0,255554;0,00111111;-0,102222;-0,0411111
191;03.10.55;228,813;-57,1875;-63,875;0,736633;-0,477112;0,391296;0,276733;0,0522222;0,0266667;0,09
192;03.11.55;223,937;-57,8125;-58,375;0,735901;-0,467896;0,376587;0,312622;0,0388889;-0,00444444;0,03
193;03.12.55;223;-61;-56,375;0,730591;-0,451294;0,402649;0,317017;0,0677778;0,0177778;-0,0655555
194;03.13.55;214,5;-64,5;-55,8125;0,697449;-0,466553;0,401917;0,366516;0,07;0,0244444;0,0766667
195;03.14.55;216,5;-63,625;-56,5;0,704773;-0,465088;0,40155;0,354675;0,0455555;0,00888889;-0,0344444
196;03.15.55;215,375;-68,375;-59,125;0,685425;-0,458313;0,442139;0,353027;-0,0611111;0,00888889;0,0722222
197;03.16.55;215,125;-69,4375;-50,4375;0,694275;-0,429199;0,45166;0,360168;-0,0255556;-0,0555556;0,0322222
198;03.17.55;222,25;-66,0625;-56,625;0,714905;-0,434509;0,447266;0,316284;0,00555556;0,0555556;0,03
199;03.18.55;221,625;-66,9375;-54;0,715454;-0,424377;0,452759;0,320984;-0,0344444;-0,04;0,0455555
200;03.19.55;212,437;-69,5625;-24,75;0,711243;-0,356812;0,463196;0,390198;0,0277778;0,0777778;-0,0677778
201;03.20.55;213,562;-74,75;-22,625;0,694641;-0,345764;0,509216;0,372375;0,00333333;-0,115556;-0,121111
202;03.21.55;205,5;-79,375;4,1875;0,650635;-0,333374;0,545288;0,410095;-0,00111111;0;-0,0811111
203;03.22.55;210,437;-78,5625;-5,625;0,67157;-0,325439;0,543762;0,383972;-0,0655555;-0,0533333;0,0255556
204;03.23.55;205,75;-77,0625;-1,5625;0,662292;-0,334778;0,525818;0,41571;-0,107778;0,04;0,00333333
205;03.24.55;198,938;-73,1875;22,125;0,64801;-0,29364;0,529175;0,462402;-0,0566667;-0,0777778;0,151111
206;03.25.55;192,188;-67,8125;36,0625;0,628601;-0,252991;0,532532;0,507202;-0,0255556;0,0533333;-0,0344444
207;03.26.55;187,625;-60,5625;41;0,622925;-0,200134;0,524231;0,544983;0,03;-0,0733333;-0,0544444
208;03.27.55;189,063;-61,75;40,8125;0,626831;-0,204041;0,528503;0,534912;-0,0566667;-0,0266667;0,0766667
209;03.28.55;186,187;-58,3125;46,3125;0,614441;-0,172913;0,537354;0,551147;-0,0788889;0,08;0,0922222
210;03.29.55;181,5;-53,3125;49,9375;0,595947;-0,139343;0,537231;0,580322;-0,01;-0,0622222;0,00333333
211;03.30.55;185,687;-56,25;46,75;0,61615;-0,155273;0,534607;0,55719;-0,0277778;0;0,0411111
212;03.31.55;187,062;-58,625;48,1875;0,615234;-0,167419;0,546326;0,543152;-0,0344444;-0,0311111;-0,0166667
213;03.32.55;178,5;-56,0625;55,4375;0,566345;-0,168457;0,559937;0,580811;0,0366667;-0,00444444;-0,0366667
214;03.33.55;171,75;-51,75;53,5625;0,541382;-0,161804;0,538818;0,624817;0,0588889;0,0866666;0,03
215;03.34.55;167,625;-47,875;56,1875;0,519409;-0,138245;0,542664;0,645447;0,0166667;-0,0377778;0,116667
216;03.35.55;253,75;-41,5625;52,3125;0,512207;-0,103088;0,510742;0,682739;0,0722222;0,0844444;-0,168889
217;03.36.55;244,125;-36,1875;59,0625;0,446594;-0,0793457;0,535217;0,712585;0,00111111;0,0133333;-0,0188889
218;03.37.55;237,375;-32,25;64,3125;0,396729;-0,0620728;0,55957;0,725037;-0,0411111;0,0644444;0,0322222
219;03.38.55;232,5;-30,125;67,6875;0,36084;-0,0595093;0,576477;0,730713;-0,0966667;-0,00666667;-0,107778
220;03.39.55;228,625;-29,375;65,375;0,340027;-0,0736084;0,559753;0,752075;0,0388889;-0,00444444;0,0144444
221;03.40.55;226;-27,4375;65,5625;0,323059;-0,06604;0,55896;0,760803;0,0255556;-0,00666667;-0,0811111
222;03.41.55;223,187;-22,5625;65,625;0,306091;-0,0281372;0,555786;0,7724;0,0122222;0,122222;0,144444
223;03.42.55;231,75;-28,0625;67,125;0,357788;-0,0418091;0,571838;0,737061;-0,0211111;-0,0266667;0,0166667
224;03.43.55;227,187;-26,625;65,375;0,331848;-0,0518188;0,558105;0,758728;-0,0433333;0,127778;-0,0588889
225;03.44.55;223,812;-23,625;65,25;0,310425;-0,0374146;0,554504;0,771179;0,0344444;0,0844444;-0,0233333
226;03.45.55;222,563;-23,125;69,8125;0,2948;-0,0323486;0,583435;0,756104;-0,0188889;-0,102222;0,0366667
227;03.46.55;219,625;-21,6875;71,5;0,272888;-0,0303955;0,593262;0,756714;-0,0388889;-0,0555556;0,0344444
228;03.47.55;213;-15,3125;70,625;0,230774;0,00311279;0,583496;0,778625;0,0277778;-0,156667;0,0855556
229;03.48.55;202,125;-7,375;71,75;0,155518;0,0335693;0,586548;0,794128;0,00111111;0;-0,0366667
230;03.49.55;196,313;-6;75,6875;0,112305;0,0209351;0,614014;0,781006;-0,01;-0,0733333;0,00111111
231;03.50.55;197;-2,9375;75,5625;0,117126;0,0588989;0,610046;0,781433;-0,00111111;-0,0688889;0,0277778
232;03.51.55;196,313;2,3125;74;0,113525;0,110535;0,591736;0,790405;0,0122222;-0,0422222;0,0188889
233;03.52.55;194,312;1,8125;75,125;0,0987549;0,0957642;0,602417;0,786255;0,0544444;0,02;-0,0788889
234;03.53.55;190,562;10,4375;74,375;0,0742798;0,168274;0,58313;0,79126;0,112222;0;-0,211111
235;03.54.55;184,688;14,25;76,0625;0,0325317;0,181641;0,592163;0,784424;0,0122222;-0,0266667;0,00555556
236;03.55.55;176,937;19,375;77,9375;0,0205078;-0,198975;-0,601929;-0,773071;-0,0722222;-0,0733333;0,112222
237;03.56.55;174,687;17,8125;77,8125;0,0354614;-0,169922;-0,609009;-0,773926;0,0544444;-0,0133333;-0,0144444
238;03.57.55;168,875;20,0625;77,4375;0,0744629;-0,163208;-0,609924;-0,771851;0,0655555;0,00222222;-0,133333
239;03.58.55;158,062;27,1875;73,1875;0,150452;-0,181641;-0,581848;-0,77832;-0,00111111;0,0111111;0,0566667
240;03.59.55;152,437;32,5;70,4375;0,190796;-0,208679;-0,561584;-0,777588;-0,0455555;0,0288889;0,103333
241;04.00.55;146,875;34,0625;73,3125;0,22406;-0,197815;-0,585022;-0,753906;0,0211111;0,0177778;-0,193333
242;04.01.55;146,875;33,75;73,25;0,224243;-0,194763;-0,58551;-0,754272;0,0877778;0,02;0,03
243;04.02.55;147,125;33;72,5625;0,223389;-0,188049;-0,582336;-0,758667;-0,00777778;0,0177778;-0,103333
244;04.03.55;141,875;35,25;73,25;0,256409;-0,18573;-0,590271;-0,742493;0,0211111;-0,0622222;0,0788889
245;04.04.55;130;40,5625;72,125;0,331665;-0,181274;-0,592285;-0,711609;-0,0433333;-0,06;-0,0233333
246;04.05.55;128,375;41,0625;69,125;0,346436;-0,179382;-0,577698;-0,71698;-0,0633333;0,0244444;-0,146667
247;04.06.55;214,5;47,8125;60,875;0,378906;-0,235474;-0,53064;-0,720703;-0,0766667;0;0,0766667
248;04.07.55;210,25;49,1875;58,6875;0,407959;-0,231323;-0,526367;-0,709229;0,0344444;0,0133333;0,101111
249;04.08.55;201,5;56,9375;54,625;0,45636;-0,272766;-0,517517;-0,670471;0,03;-0,08;-0,0922222
250;04.09.55;196,375;59,1875;45,5;0,493774;-0,284424;-0,489807;-0,659851;-0,0344444;0,00666667;0,0611111
251;04.10.55;192;60,0625;35,625;0,5271;-0,292114;-0,460266;-0,651917;0,0566667;0,08;-0,157778
252;04.11.55;193,25;60,75;29,6875;0,523682;-0,31665;-0,433594;-0,661438;0,00777778;0,0422222;-0,0433333
253;04.12.55;191,437;60,625;26,375;0,537231;-0,317078;-0,424744;-0,656067;0,0788889;-0,0666667;0,171111
254;04.13.55;183,437;62,625;20,3125;0,579285;-0,318054;-0,428345;-0,616272;-0,0766667;0,0133333;-0,0455555
255;04.14.55;183,313;60,9375;14;0,58905;-0,323792;-0,399292;-0,623474;0,00111111;0,06;-0,0966667
256;04.15.55;179,688;57,75;13,1875;0,617371;-0,293152;-0,39325;-0,615051;-0,0588889;-0,00666667;-0,0522222
257;04.16.55;182,062;54,8125;11,625;0,613647;-0,287109;-0,368286;-0,636658;-0,0233333;0,06;-0,0588889
258;04.17.55;178,875;54,5625;10,375;0,632507;-0,280029;-0,369751;-0,6203;0,07;0,111111;0,0122222
259;04.18.55;175,625;54,5625;2,6875;0,651489;-0,301086;-0,347046;-0,60376;-0,00333333;-0,0622222;0,0655555
260;04.19.56;177,375;53,875;6,625;0,644043;-0,285889;-0,353882;-0,61499;-0,0722222;0,0488889;0,0833333
261;04.20.55;175;51,5;6,125;0,662903;-0,266846;-0,345703;-0,608093;-0,0188889;-0,0933333;0,03
262;04.21.56;172,875;51,1875;0,875;0,67511;-0,281982;-0,328125;-0,597534;0,01;-0,04;-0,202222
263;04.22.56;175,938;48,6875;1,625;0,666382;-0,273438;-0,30896;-0,621033;0,0144444;-0,00888889;-0,00777778
264;04.23.56;174,375;49,625;2,125;0,672241;-0,271973;-0,320129;-0,609619;-0,01;-0,0244444;0,03
265;04.24.56;170,313;47,6875;6,75;0,697693;-0,228088;-0,337708;-0,589172;-0,0544444;-0,0511111;-0,0633333
266;04.25.56;172,937;46,125;12,8125;0,685669;-0,197205;-0,351379;-0,606262;0,144444;0,0555556;-0,0811111
267;04.26.56;171,5;45,125;13,625;0,69519;-0,183472;-0,351563;-0,599548;-0,0122222;0,0511111;-0,0433333
268;04.27.56;80,3125;42,6875;14,8125;0,706787;-0,158752;-0,345886;-0,596375;0,0366667;-0,0377778;-0,0477778
269;04.28.56;75,875;44;12,9375;0,727112;-0,16272;-0,351013;-0,567139;0,0388889;0,122222;-0,0122222
270;04.29.56;75,125;41,5;11,3125;0,737976;-0,154175;-0,330322;-0,567871;-0,18;-0,0422222;0,0388889
271;04.30.56;68,5625;41,8125;5;0,771057;-0,172546;-0,314819;-0,52594;-0,0388889;0,02;-0,00111111
272;04.31.56;68,625;39,5;5,5;0,776245;-0,158508;-0,301941;-0,530212;0,0122222;0,0177778;-0,0633333
273;04.32.56;68,3125;36,25;2,3125;0,785583;-0,160583;-0,267639;-0,534241;-0,0144444;0,0355556;0,0722222
274;04.33.56;66,125;35,8125;0,25;0,797363;-0,165955;-0,258972;-0,519287;0,0144444;-0,102222;-0,0944444
275;04.34.56;59,6875;35,1875;-4,8125;0,825989;-0,182129;-0,244446;-0,474121;0,03;0,0444444;-0,0144444
276;04.35.56;60,75;33,875;-0,625;0,825012;-0,151917;-0,249207;-0,483887;0,0433333;-0,0777778;0,0566667
277;04.36.56;63,5625;33,1875;2,375;0,81427;-0,135132;-0,252869;-0,504761;-0,00777778;0,0266667;-0,173333
278;04.37.56;54,0625;38,625;-4;0,839905;-0,176453;-0,281738;-0,429016;0,0522222;-0,0133333;-0,0677778
279;04.38.56;49;37,875;-6,8125;0,859192;-0,180359;-0,275269;-0,391724;0,00111111;-0,136667;0,0455555
280;04.39.56;49,4375;38,5;-4,25;0,857178;-0,166077;-0,286316;-0,394653;0,0366667;0,0822222;0,0433333
281;04.40.56;42,375;37,375;-10,5625;0,879639;-0,188599;-0,271851;-0,341736;-0,00111111;0,0244444;-0,0788889
282;04.41.56;39,875;32,25;-8,3125;0,900757;-0,154785;-0,240112;-0,327209;0,116667;0,0177778;-0,0366667
283;04.42.56;36,0625;29,375;-9,5;0,916809;-0,149902;-0,218689;-0,298523;0,0211111;-0,0977778;-0,133333
284;04.43.56;32,3125;32,0625;-13;0,917664;-0,17334;-0,239014;-0,26593;0,0544444;0,0555556;0,0233333
285;04.44.56;32,3125;30,1875;-11,0625;0,923218;-0,156067;-0,227051;-0,267883;-0,105556;-0,0533333;0,0633333
286;04.45.56;31,1875;30,25;-8,75;0,927063;-0,136414;-0,233948;-0,259216;0,05;-0,0333333;-0,09
287;04.46.56;32,5;33,375;-12,8125;0,914307;-0,174438;-0,250122;-0,266541;-0,0433333;-0,0533333;0,0166667
288;04.47.56;32,375;35,125;-13,75;0,909485;-0,183716;-0,263611;-0,263855;0,0388889;-0,0577778;0,126667
289;04.48.56;32,4375;34,9375;-15,625;0,908081;-0,197266;-0,257507;-0,264893;-0,121111;0,111111;-0,0633333
290;04.49.56;26,875;32,625;-16,5625;0,924377;-0,189087;-0,246155;-0,221863;-0,0344444;0,0977778;-0,0988889
291;04.50.56;26,375;29,75;-15,5;0,932617;-0,177307;-0,224976;-0,219421;-0,07;-0,0888889;0,164444
292;04.51.56;19,9375;22,375;-16,5625;0,956421;-0,168091;-0,169556;-0,168213;-0,133333;-0,0822222;0,0588889
293;04.52.56;24,125;24;-11,4375;0,951904;-0,134888;-0,184814;-0,203613;0,0722222;0,0288889;0,0477778
294;04.53.56;23,125;23,125;-15;0,951782;-0,160889;-0,173889;-0,194946;-0,0633333;-0,00222222;-0,0588889
295;04.54.56;21,875;19,5625;-13,5;0,960876;-0,143311;-0,146912;-0,185852;0,0477778;-0,0422222;-0,11
296;04.55.56;13,75;20,9375;-17,3125;0,965393;-0,164429;-0,165405;-0,116821;-0,103333;-0,0577778;0,0855556
297;04.56.56;12,75;19,375;-21,875;0,962158;-0,19989;-0,15033;-0,107971;-0,00555556;0,0422222;0,0722222
298;04.57.56;10,625;16,0625;-19,5625;0,971741;-0,17749;-0,125793;-0,0914917;0,01;0,0133333;-0,133333
299;04.58.56;7,1875;9,9375;-20,625;0,97821;-0,182739;-0,0769653;-0,0611572;-0,0344444;-0,0133333;0,114444
300;04.59.56;2,25;10,4375;-21,9375;0,9776;-0,189819;-0,0891724;-0,0192261;0,0366667;0,0377778;-0,0766667
301;05.00.56;3,375;7,125;-18,1875;0,985046;-0,159363;-0,0587769;-0,0291748;-0,0188889;0,00222222;0,126667
302;05.01.56;355,875;3,625;-24,375;0,976257;-0,209961;-0,0403442;0,0348511;-0,05;-0,0466667;0,252222
303;05.02.56;356,312;1,3125;-23,0625;0,979187;-0,199646;-0,0186157;0,031311;-0,0988889;0;0,0633333
304;05.03.56;356,875;0,875;-26,5;0,9729;-0,22937;-0,0142212;0,0263062;-0,0122222;-0,02;-0,03
305;05.04.56;351,688;-2,1875;-27,75;0,968018;-0,240784;0,00231934;0,0700684;-0,0322222;-0,0177778;-0,0522222
306;05.05.56;350,937;-5,4375;-28,6875;0,964783;-0,25;0,0294189;0,0762939;-0,0677778;0;0,03
307;05.06.56;349,875;-8,4375;-29,375;0,96106;-0,257446;0,0537109;0,0846558;0,03;-0,0222222;-0,0233333
308;05.07.56;342,75;-13,9375;-31,625;0,944824;-0,282288;0,0848999;0,142944;-0,0344444;-0,00888889;-0,00111111
309;05.08.56;343,5;-15,0625;-30,4375;0,947266;-0,272583;0,0979004;0,137085;-0,101111;0,0555556;-0,0744444
310;05.09.56;337,063;-25,1875;-25,375;0,934204;-0,243896;0,178528;0,189514;0,151111;-0,0111111;-0,0255556
311;05.10.56;339,312;-25;-22,3125;0,943176;-0,215942;0,184998;0,171875;0,0566667;0,0266667;0,0433333
312;05.11.56;339,063;-26,125;-24,75;0,936829;-0,236084;0,191772;0,172791;-0,112222;-0,0933333;0,0877778
313;05.12.56;342,5;-24,25;-22,1875;0,949036;-0,209778;0,184448;0,145874;-0,0166667;-0,0355556;0,0144444
314;05.13.56;340,812;-29,625;-20,25;0,939453;-0,19873;0,229309;0,158997;0,0455555;-0,0888889;0,144444
315;05.14.56;338,437;-29,5;-16,1875;0,941162;-0,172729;0,228943;0,178711;-0,01;-0,0933333;0,09
316;05.15.56;339,625;-33,8125;-15,3125;0,93396;-0,165771;0,268616;0,16748;-0,0744444;-0,0888889;0,0944444
317;05.16.56;340;-35,5;-17,5625;0,928101;-0,181946;0,280823;0,163208;0,0388889;0,00222222;-0,0411111
318;05.17.56;336,375;-34,9375;-14,375;0,926819;-0,167053;0,274414;0,194336;-0,00111111;-0,0177778;0,202222
319;05.18.56;329,375;-40,6875;-15,5;0,897034;-0,197815;0,309875;0,2453;-0,01;0,0355556;0,00111111
320;05.19.56;331,875;-44,125;-19,9375;0,887634;-0,222473;0,336548;0,222046;-0,0477778;0,0822222;-0,0788889
321;05.20.56;241,687;-46;-23,4375;0,877136;-0,245483;0,348572;0,22113;-0,00111111;-0,0844444;0,00777778
322;05.21.56;243,062;-45,4375;-28,5625;0,874023;-0,273987;0,342407;0,20929;-0,00555556;0,127778;-0,105556
323;05.22.56;242,313;-47,4375;-29,3125;0,865723;-0,279297;0,356812;0,212646;0,01;-0,0511111;-0,0811111
324;05.23.56;242,5;-52,5;-28,4375;0,85083;-0,268433;0,401001;0,208008;0,0344444;-0,0111111;0,00555556
325;05.24.56;238,687;-57,9375;-24,3125;0,829163;-0,255066;0,440491;0,231201;0,0722222;0,167778;-0,162222
326;05.25.56;239,5;-54,1875;-31,375;0,835205;-0,293091;0,405823;0,227661;-0,0144444;0,02;-0,0433333
327;05.26.56;229,75;-56,0625;-18,125;0,821228;-0,256531;0,411499;0,30072;-0,03;0,0933333;0,0144444
328;05.27.56;230,187;-60,8125;-18,9375;0,803589;-0,260986;0,449036;0,290588;-0,00777778;0,0266667;0,0877778
329;05.28.56;222,25;-61,9375;-8,125;0,782715;-0,244385;0,455627;0,346375;0,0922222;-0,0733333;0,0322222
330;05.29.56;226,688;-66,25;-11;0,776428;-0,244812;0,492432;0,307922;-0,05;0,0288889;0,0233333
331;05.30.56;216,313;-71,9375;1,6875;0,721985;-0,26001;0,527161;0,365051;0,00111111;-0,02;-0,0188889
332;05.31.56;216,5;-72,8125;0,875;0,718323;-0,264893;0,531555;0,362366;-0,0588889;0,0155556;0,0322222
333;05.32.56;209,25;-75;12,875;0,683105;-0,276978;0,545044;0,399536;0,0588889;-0,0333333;-0,0877778
334;05.33.56;208,187;-74,3125;21,5;0,678528;-0,258972;0,554382;0,406433;-0,0433333;-0,0555556;0,0633333
335;05.34.56;195,562;-65,0625;41,1875;0,646179;-0,201599;0,548767;0,49054;0,0144444;0,0533333;0,05
336;05.35.56;197,687;-63;35,4375;0,668396;-0,188965;0,528748;0,487915;0,0144444;0,0644444;0,0433333
337;05.36.56;191,563;-62,5625;40,6875;0,636353;-0,199951;0,534363;0,519165;-0,0322222;-0,117778;0,0122222
338;05.37.56;189,937;-61,1875;44,4375;0,627686;-0,186523;0,542114;0,52655;0,0411111;0,0911111;-0,101111
339;05.38.56;192;-59,375;37,9375;0,651001;-0,178101;0,517212;0,526306;0,0188889;-0,0311111;-0,0677778
340;05.39.56;186,875;-59,4375;35,75;0,628967;-0,207825;0,500549;0,557373;-0,0122222;-0,00888889;-0,0566667
341;05.40.56;183,75;-58,625;39,1875;0,611267;-0,204834;0,506348;0,572693;-0,0188889;-0,0666667;0,0855556
342;05.41.56;184,625;-60,9375;46,25;0,600708;-0,205139;0,538818;0,553833;0,0166667;0,02;-0,0433333
343;05.42.56;178,75;-63,3125;58,4375;0,549683;-0,236023;0,571838;0,561401;-0,0722222;-0,0333333;-0,0522222
344;05.43.56;170,813;-56,75;58;0,520996;-0,208679;0,557739;0,611511;-0,0566667;-0,0777778;0,0166667
345;05.44.56;170,813;-56,375;65,6875;0,507446;-0,195251;0,590271;0,596619;0,103333;0,0133333;0,2
346;05.45.56;170,5;-55,875;66,125;0,506287;-0,192261;0,591064;0,597839;-0,0922222;-0,08;-0,05
347;05.46.56;162,687;-51,6875;66,8125;0,467468;-0,186829;0,585815;0,635132;-0,03;0;-0,0344444
348;05.47.56;158,125;-48,1875;66,0625;0,446594;-0,173767;0,579163;0,659485;0,0988889;0,0977778;-0,0855556
349;05.48.56;242,375;-44;63;0,421814;-0,161072;0,557495;0,696655;0,0922222;-0,00666667;-0,0655555
350;05.49.56;233;-41,0625;65,3125;0,361816;-0,174622;0,559021;0,725281;0,0188889;0,0555556;-0,05
351;05.50.56;222,438;-35,125;73,125;0,28479;-0,161377;0,596313;0,732971;0,03;0,0111111;-0,00111111
352;05.51.56;214,063;-28,5;76,1875;0,227417;-0,132813;0,614868;0,743347;0,112222;0,0511111;0,0966667
353;05.52.56;211,125;-28,3125;76,9375;0,207886;-0,146301;0,615967;0,745605;-0,0522222;-0,113333;0,233333
354;05.53.56;213,875;-30,0625;79,3125;0,221985;-0,151917;0,629822;0,728638;-0,00111111;-0,0177778;0,03
355;05.54.56;206,125;-23,3125;76,25;0,176453;-0,118347;0,613953;0,760193;-0,0277778;-0,0244444;0,00555556
356;05.55.56;199,625;-16,0625;78,25;0,132019;-0,0732422;0,630554;0,761292;0,0677778;0,0111111;-0,07
357;05.56.56;195,25;-10,5625;75,375;0,105469;-0,034668;0,612122;0,782898;-0,121111;0,0644444;-0,0322222
358;05.57.56;185,938;-4,6875;75;0,0413818;-0,0199585;0,609009;0,791809;0,0388889;0,0488889;-0,01
359;05.58.56;186,438;-0,125;72,625;0,0453491;0,0316772;0,591614;0,804321;0,0166667;-0,0911111;-0,0122222
360;05.59.56;188,187;-0,0625;77,125;0,0559082;0,043457;0,621887;0,779907;-0,0166667;-0,02;0,05
361;06.00.56;185,062;1;74;0,0357056;0,0379028;0,600708;0,797791;-0,00111111;-0,147778;-0,137778
362;06.01.56;186,187;1,0625;72,1875;0,0441895;0,0431519;0,588257;0,806335;0,114444;-0,00888889;-0,112222
363;06.02.56;184,625;0,5625;71;0,0330811;0,0293579;0,580261;0,813232;0,0611111;0,0866666;-0,0388889
364;06.03.56;177,375;8,3125;68,125;0,0186768;-0,0750732;-0,557251;-0,826721;-0,0677778;-0,0422222;0,121111
365;06.04.56;173,25;4,375;64,4375;0,0493774;-0,0142212;-0,533569;-0,844177;0,00555556;-0,00888889;0,153333
366;06.05.56;171,187;6,75;64,375;0,0648804;-0,0291138;-0,533447;-0,842834;0,0411111;-0,163333;0,00555556
367;06.06.56;168,562;10,125;63,3125;0,0839844;-0,0517578;-0,52594;-0,844788;0,0677778;0,00888889;-0,0722222
368;06.07.56;164,75;10,5625;62,9375;0,112488;-0,0388184;-0,524475;-0,843079;-0,0233333;0,0266667;-0,0144444
369;06.08.56;160,938;10,4375;60,5625;0,142517;-0,0215454;-0,50824;-0,84906;0,137778;0,0177778;0,00111111
370;06.09.56;162,563;8,0625;61,3125;0,129822;-0,00457764;-0,512207;-0,848938;-0,0277778;-0,04;-0,0344444
371;06.10.56;157,25;12,5;64;0,16626;-0,0236816;-0,534607;-0,828247;0,0388889;0,0666667;-0,131111
372;06.11.56;149,75;18,0625;67,8125;0,215027;-0,0423584;-0,564697;-0,795654;-0,00333333;0,0888889;-0,0588889
373;06.12.56;146,812;23,5;66,5625;0,235779;-0,0859985;-0,557373;-0,791443;-0,03;-0,0266667;0,124444
374;06.13.56;150,063;16,9375;66,5625;0,214172;-0,0333252;-0,555664;-0,802673;0,0455555;0,0133333;-0,101111
375;06.14.56;149,125;18,625;66,4375;0,22052;-0,0462036;-0,55542;-0,800476;0,00333333;0,0377778;-0,0588889
376;06.15.56;143,125;21,125;65,6875;0,262817;-0,0440063;-0,553406;-0,789124;-0,0344444;0,0755555;-0,0411111
377;06.16.56;144,375;21,9375;67,5;0,251587;-0,0570679;-0,565063;-0,783691;-0,0922222;-0,0911111;0,0366667
378;06.17.56;143,125;24,4375;70,125;0,255737;-0,0759888;-0,582947;-0,767456;-0,00111111;-0,102222;0,05
379;06.18.56;144,313;23;68,4375;0,250244;-0,0675049;-0,57135;-0,778748;0,0144444;-0,1;-0,03
380;06.19.56;141,312;26,75;68,6875;0,269836;-0,0927124;-0,573486;-0,767944;-0,14;0,0244444;0,2
381;06.20.56;131,813;34,4375;62,1875;0,3396;-0,131409;-0,539001;-0,759521;0,0233333;0,104444;0,0211111
382;06.21.56;127,062;37,125;58,4375;0,375061;-0,140991;-0,521301;-0,753418;0,0522222;0,0311111;0,0477778
383;06.22.56;126,063;40,5625;57,0625;0,381104;-0,173462;-0,513733;-0,74884;-0,0255556;-0,0777778;0,0655555
384;06.23.57;127,188;38,9375;53,125;0,380432;-0,167419;-0,488708;-0,76709;0,0188889;-0,0155556;0,0922222
385;06.24.56;128,562;37,875;52,9375;0,372559;-0,163208;-0,485413;-0,773926;0,14;-0,00222222;-0,0211111
386;06.25.56;126,25;35,6875;54,875;0,387024;-0,128662;-0,499817;-0,764099;-0,0566667;-0,0355556;-0,0722222
387;06.26.57;126,25;39,75;52,375;0,387146;-0,17218;-0,485718;-0,764526;-0,0388889;0,00888889;0,146667
388;06.27.56;120,687;40;46,8125;0,432251;-0,162109;-0,459961;-0,758484;-0,0655555;0,0177778;0,116667
389;06.28.56;120;43,1875;48,0625;0,430908;-0,186829;-0,470886;-0,746765;0,0144444;-0,0288889;-0,0188889
390;06.29.57;118,875;42,375;52,375;0,432922;-0,16626;-0,49707;-0,733398;0,00111111;0,00888889;0,01
391;06.30.56;118,625;39,5625;54,5625;0,433899;-0,133972;-0,508728;-0,731445;0,00333333;-0,0266667;0,0944444
392;06.31.56;114,312;38,9375;57,0625;0,457275;-0,103638;-0,527283;-0,708618;0,0788889;-0,0133333;0,0877778
393;06.32.57;109,187;43,5;51,5625;0,492798;-0,136719;-0,506531;-0,694214;0,0366667;-0,102222;-0,0122222
394;06.33.57;190,688;49,25;46,25;0,543518;-0,166382;-0,497009;-0,65564;-0,0388889;-0,0466667;0,0544444
395;06.34.57;191,375;49,0625;44,75;0,542053;-0,170959;-0,48822;-0,662292;-0,0144444;-0,0533333;-0,14
396;06.35.57;185,812;54,625;38,25;0,571594;-0,214294;-0,476868;-0,632446;0,0766667;-0,0466667;0,0588889
397;06.36.57;177,063;59,875;30,875;0,61261;-0,242188;-0,476074;-0,582581;0,0633333;-0,0933333;-0,0211111
398;06.37.57;177,312;59,875;26,875;0,615234;-0,254883;-0,459961;-0,587341;0,00111111;-0,0444444;-0,0877778
399;06.38.57;175,187;56,375;20,6875;0,641235;-0,240662;-0,427979;-0,589722;-0,107778;-0,172222;0,0811111
400;06.39.57;172,438;55,375;21,1875;0,657593;-0,221924;-0,431458;-0,576294;0,00333333;-0,0244444;0,0477778
401;06.40.57;173,25;55,4375;22;0,65271;-0,22229;-0,43335;-0,580322;-0,0677778;0,0822222;0,162222
402;06.41.57;175,75;55,875;18,75;0,641052;-0,24646;-0,417175;-0,595215;-0,00777778;-0,00888889;-0,00333333
403;06.42.57;174,437;57,1875;15,875;0,645813;-0,260864;-0,414124;-0,585999;0,0188889;0,0755555;0,03
404;06.43.57;173,375;56,5625;11,125;0,655273;-0,271118;-0,395508;-0,583679;-0,0144444;-0,0222222;0,0566667
405;06.44.57;170,937;52,75;4,9375;0,680725;-0,266479;-0,3573;-0,581299;-0,0211111;0,0333333;-0,0455555
406;06.45.57;170,687;55,3125;1,6875;0,674805;-0,293457;-0,359985;-0,573547;0,0655555;0,0577778;-0,0433333
407;06.46.57;163;53,5625;-7;0,716309;-0,301514;-0,338745;-0,530334;-0,0211111;-0,117778;0,0833333
408;06.47.57;161,187;51,625;-8,375;0,730164;-0,295471;-0,325134;-0,523254;-0,0677778;0,02;-0,0211111
409;06.48.57;158,438;50,75;-14;0,742615;-0,313232;-0,308411;-0,50531;0,0655555;0,0244444;-0,155556
410;06.49.57;155;48,6875;-17,0625;0,761414;-0,314209;-0,293335;-0,485229;0,0677778;0,0155556;0,0388889
411;06.50.57;61,75;43,375;-15,4375;0,791016;-0,282043;-0,265747;-0,47345;-0,0522222;-0,02;0,0211111
412;06.51.57;151,75;45,4375;-24,375;0,77655;-0,339539;-0,255676;-0,465149;0,01;0,02;-0,0588889
413;06.52.57;59,0625;42,375;-23,875;0,796204;-0,322998;-0,240173;-0,451721;0,0966667;0,0622222;-0,153333
414;06.53.57;64;42,125;-21,125;0,779419;-0,316589;-0,23291;-0,487854;0,0188889;-0,0244444;-0,157778
415;06.54.57;67,9375;42;-16,75;0,766968;-0,298889;-0,235352;-0,516724;-0,0477778;-0,0644444;0,0433333
416;06.55.57;69,0625;39,75;-23,0625;0,760803;-0,330811;-0,192871;-0,523987;-0,0366667;0,0355556;-0,0477778
417;06.56.57;70,625;39,9375;-22,5;0,753906;-0,330688;-0,191833;-0,534302;-0,09;-0,04;0,0277778
418;06.57.57;66,25;37,75;-28,8125;0,770081;-0,355713;-0,165649;-0,502991;0,0144444;0,0111111;0,0522222
419;06.58.57;63,375;36,375;-28,5;0,786072;-0,345703;-0,163635;-0,485535;-0,0344444;0,0911111;0,0611111
420;06.59.57;62,875;33,5;-19,75;0,805725;-0,279846;-0,171387;-0,493103;-0,00111111;0,0622222;0,03
421;07.00.57;58,8125;32,375;-30;0,810242;-0,339294;-0,139282;-0,457214;-0,0344444;0,0422222;0,14
422;07.01.57;50,875;27,4375;-36,9375;0,834595;-0,367859;-0,101013;-0,3974;-0,0388889;0,0311111;0,05
423;07.02.57;51,375;26,125;-41,8125;0,823059;-0,399841;-0,0756226;-0,396179;0,0544444;-0,0577778;-0,0522222
424;07.03.57;56,125;28,6875;-35,3125;0,817139;-0,363464;-0,0999756;-0,436035;0,0744444;0,0755555;-0,01
425;07.04.57;53,5;26,25;-31,125;0,839294;-0,326172;-0,0990601;-0,423523;0,0322222;0,104444;-0,0633333
426;07.05.57;50,5625;24,6875;-29,9375;0,854675;-0,311462;-0,0974121;-0,403809;0,0188889;0,0377778;0,03
427;07.06.57;47,3125;22,4375;-32,125;0,864685;-0,319641;-0,0811157;-0,378967;0,00111111;0,0377778;-0,0566667
428;07.07.57;44,8125;23,125;-33,4375;0,86908;-0,329041;-0,0898438;-0,358276;0,0166667;0,111111;0,0944444
429;07.08.57;43,125;25;-37,9375;0,860962;-0,363892;-0,101563;-0,340637;-0,0411111;0,0711111;-0,00333333
430;07.09.57;41,875;28,5625;-40,9375;0,85144;-0,388977;-0,132324;-0,325867;-0,0566667;-0,00222222;0,0455555
431;07.10.57;33,0625;23,0625;-42,9375;0,87677;-0,389709;-0,107727;-0,260376;0,0411111;0,0533333;-0,177778
432;07.11.57;30,8125;21,625;-41,25;0,888245;-0,373901;-0,104309;-0,245728;0,00333333;0,0555556;-0,0855556
433;07.12.57;29,625;20,375;-47,1875;0,87439;-0,417053;-0,0886841;-0,231628;-0,01;-0,0844444;0,222222
434;07.13.57;22,9375;18,125;-47,5;0,887756;-0,413513;-0,0915527;-0,180298;0,171111;0,187778;-0,16
435;07.14.57;158,187;17,4375;-54,375;0,86792;-0,46283;-0,0891113;-0,156555;0,05;0,0155556;0,0233333
436;07.15.57;164,25;13,5;-53,4375;0,877625;-0,4552;-0,0627441;-0,136597;-0,09;0,00888889;-0,0211111
437;07.16.57;171,875;9,5;-55;0,877136;-0,464966;-0,0325928;-0,115662;-0,0233333;0,0555556;0,0411111
438;07.17.57;175,25;5,125;-53,5625;0,889771;-0,451599;-0,0185547;-0,0631714;-0,0433333;-0,0133333;0,0388889
439;07.18.57;190,375;-3,3125;-52,125;0,897766;-0,438416;0,0400391;-0,0152588;-0,0477778;-0,06;-0,0144444
440;07.19.57;189,5;-3;-53,3125;0,893188;-0,447815;0,0374146;-0,0157471;0,0277778;0,0222222;0,101111
441;07.20.57;190,437;-3,8125;-54,625;0,887756;-0,458313;0,0424805;-0,00799561;-0,0944444;0,0733333;0,03
442;07.21.57;191,812;-5,0625;-56,125;0,881836;-0,469177;0,0477905;0,00244141;0,00777778;-0,104444;-0,166667
443;07.22.57;198,625;-6,5;-51,9375;0,897766;-0,434387;0,0714722;-0,0166016;0,0166667;0,00888889;0,0233333
444;07.23.57;209,75;-13,5;-50,4375;0,898987;-0,421692;0,112061;0,0379028;-0,0744444;-0,0444444;0,0366667
445;07.24.57;204,938;-12,1875;-52,1875;0,892944;-0,437378;0,0967407;0,0441895;0,0388889;0,0822222;-0,171111
446;07.25.57;198;-11,625;-56;0,876404;-0,469849;0,0743408;0,0751953;0,0344444;-0,0266667;-0,105556
447;07.26.57;197,375;-13,4375;-60,1875;0,855164;-0,502686;0,0768433;0,100586;-0,0233333;-0,106667;-0,0455555
448;07.27.57;206,062;-15,875;-60;0,856812;-0,496582;0,11499;0,0775757;0,0477778;0,15;-0,0988889
449;07.28.57;213,5;-18,25;-63,5625;0,841858;-0,514465;0,154907;0,0508423;0,0233333;-0,00444444;0,0211111
450;07.29.57;204,688;-14,5625;-68,5625;0,821411;-0,555298;0,121582;0,0464478;0,0433333;0,00888889;-0,0255556
451;07.30.57;215,875;-23,625;-67,9375;0,81311;-0,5448;0,176575;0,104309;-0,0877778;-0,0155556;0,0366667
452;07.31.57;220,625;-29,75;-68,0625;0,797729;-0,545288;0,202148;0,159485;0,0388889;0,0422222;-0,0233333
453;07.32.57;223,875;-31,6875;-68,75;0,792236;-0,545471;0,219971;0,162476;-0,0211111;0,0555556;0,114444
454;07.33.57;226,437;-34,8125;-66,875;0,789185;-0,535156;0,229675;0,194946;0,0388889;0,00444444;-0,01
455;07.34.57;220,875;-35,75;-66,5625;0,774597;-0,54541;0,20343;0,247253;0,0788889;-0,0488889;-0,101111
456;07.35.57;220,625;-36,8125;-68,5;0,761963;-0,557373;0,207214;0,256531;0,0233333;0,0333333;0,24
457;07.36.57;220,187;-34,9375;-68,375;0,772034;-0,554993;0,203064;0,233948;-0,00777778;-0,0244444;0,0233333
458;07.37.57;223,875;-40,25;-72,4375;0,738281;-0,5755;0,232117;0,264282;-0,0455555;-0,0711111;0,0633333
459;07.38.57;215,812;-40,6875;-72,875;0,714111;-0,593018;0,191833;0,318604;0,0211111;0;-0,0566667
460;07.39.57;220,062;-46,375;-74;0,699158;-0,587708;0,244629;0,325439;-0,0233333;0,0288889;-0,00111111
461;07.40.57;208,5;-54,0625;-74,875;0,652527;-0,593079;0,267883;0,388123;0,07;0,0844444;-0,14
462;07.41.57;201,187;-57,375;-73,0625;0,627625;-0,592529;0,265442;0,429565;0,0455555;-0,0755555;0,0611111
463;07.42.57;199,687;-59,125;-69,75;0,62738;-0,578247;0,277405;0,441589;-0,00333333;-0,0666667;-0,0722222
464;07.43.57;199,062;-58,4375;-70,4375;0,624023;-0,584778;0,266541;0,444519;-0,07;0,0777778;0,0722222
465;07.44.57;192;-60,25;-66,25;0,602051;-0,580627;0,251465;0,486938;-0,0344444;-0,0133333;-0,0944444
466;07.45.57;183,75;-68,3125;-56,3125;0,566406;-0,553711;0,301758;0,530579;-0,0166667;-0,00666667;0,0144444
467;07.46.57;180,688;-74,1875;-53,3125;0,542603;-0,544922;0,348572;0,535828;0,0566667;-0,0644444;0,0544444
468;07.47.57;184,062;-72,375;-53,0625;0,562439;-0,53772;0,346558;0,523804;0,0566667;-0,0155556;-0,0611111
469;07.48.57;177,5;-75;-44,125;0,532593;-0,533997;0,349426;0,555969;0,01;-0,0511111;-0,101111
470;07.49.57;177;-76,125;-44,8125;0,52594;-0,536621;0,357178;0,554871;-0,0988889;0,04;0,0477778
471;07.50.57;172,5;-78,125;-42,125;0,500488;-0,544495;0,357178;0,570496;-0,0722222;-0,0333333;-0,0277778
472;07.51.57;166,937;-79,75;-19,875;0,474854;-0,528748;0,370056;0,598328;-0,0433333;-0,0377778;0,126667
473;07.52.57;170,375;-84,375;-4,0625;0,471497;-0,551941;0,402466;0,557739;-0,0277778;0,0244444;0,0722222
474;07.53.57;166,687;-86,9375;-2,25;0,446533;-0,561035;0,408936;0,564453;-0,0322222;-0,117778;0,126667
475;07.54.57;169,437;-84,625;-174,937;0,44519;-0,590332;0,407959;0,535645;-0,0166667;-0,0733333;-0,05
476;07.55.57;170;-83,875;-174,062;0,448608;-0,59314;0,401978;0,53418;-0,0277778;0,0311111;0,0144444
477;07.56.57;161,312;-89,5625;-179,875;0,411194;-0,577332;0,412659;0,572144;0,0455555;0,02;-0,105556
478;07.57.57;168,937;-84,9375;-176;0,437683;-0,590759;0,421143;0,531128;0,0611111;-0,0111111;0,00555556
479;07.58.57;164,75;-88,375;-178,812;0,42511;-0,575867;0,421997;0,556396;0,116667;0,0377778;-0,0611111
480;07.59.57;164,563;-84;178,375;0,406494;-0,577148;0,46582;0,533569;-0,0122222;-0,00666667;-0,0677778
481;08.00.57;163,562;-81,375;159,438;0,392761;-0,579773;0,483704;0,525024;0,00111111;0,0422222;0,0522222
482;08.01.57;159,625;-73,3125;153,688;0,347717;-0,586426;0,533997;0,5;-0,05;0,1;-0,0877778
483;08.02.57;149;-68,125;139,625;0,2948;-0,575745;0,557068;0,520752;0,0455555;-0,0177778;-0,101111
484;08.03.57;153,188;-70,375;140,188;0,318848;-0,565796;0,555481;0,519226;-0,0566667;-0,0222222;0,121111
485;08.04.57;160,375;-71,375;146,687;0,348877;-0,556152;0,569336;0,494812;-0,05;0,04;0,0144444
486;08.05.57;152,562;-67,875;133,75;0,315796;-0,535156;0,586304;0,519714;0,0255556;0,0444444;-0,0988889
487;08.06.57;146,5;-62,3125;130,313;0,280151;-0,518127;0,617737;0,520996;0,00777778;0,115556;0,0411111
488;08.07.57;149,063;-61,5;127,937;0,29303;-0,487549;0,639526;0,517151;0,09;-0,0444444;0,0522222
489;08.08.57;147,875;-65,5;114,937;0,310974;-0,478333;0,598938;0,561951;0,0166667;-0,0355556;-0,0255556
490;08.09.57;152,375;-68,375;118,687;0,332336;-0,489563;0,590515;0,548828;-0,0388889;0,0511111;-0,0233333
491;08.10.57;152,875;-69,75;120,125;0,335571;-0,501709;0,579285;0,547852;0,0988889;0,0533333;-0,0722222
492;08.11.57;154,25;-69,75;137,25;0,325195;-0,547974;0,571289;0,517273;0,0611111;-0,117778;-0,01
493;08.12.57;146,625;-68,5;133,5;0,290222;-0,567017;0,552002;0,538147;-0,00555556;0,0355556;-0,0544444
494;08.13.57;145,437;-64,625;132,25;0,277527;-0,546936;0,587463;0,528015;0,00777778;0,0533333;-0,0144444
495;08.14.57;132,062;-59,875;118,875;0,220886;-0,528137;0,585083;0,574402;-0,0455555;0,0133333;0,133333
496;08.15.57;132,875;-60,8125;118,75;0,226135;-0,530823;0,579346;0,575684;0,0566667;-0,0711111;-0,133333
497;08.16.57;129,562;-56,9375;114,5;0,210632;-0,499023;0,603333;0,585327;-0,0855556;0,0866666;0,0788889
498;08.17.57;128,312;-58,3125;111,687;0,208496;-0,506958;0,583313;0,599365;0,0344444;0,02;0,0211111
499;08.18.57;122,187;-55,75;103,437;0,182922;-0,487244;0,572815;0,63324;-0,0877778;-0,0444444;-0,105556
500;08.19.57;112;-48,5;105;0,122925;-0,476746;0,598694;0,631775;0,00111111;-0,0822222;-0,0922222
501;08.20.57;110,687;-46,8125;105;0,115234;-0,46698;0,608704;0,631042;0,0744444;0,0711111;-0,0411111
502;08.21.57;111,312;-45,875;111,125;0,113403;-0,478394;0,629822;0,601318;-0,0344444;-0,0955555;0,0277778
503;08.22.57;200,688;-41,8125;112,812;0,107178;-0,446594;0,667236;0,586426;-0,0144444;0,152222;0,00111111
504;08.23.57;194,437;-37,0625;120,75;0,0687256;-0,471741;0,694092;0,539368;0,0211111;0,0244444;-0,144444
505;08.24.57;197,312;-38,5625;117,375;0,0852661;-0,453369;0,688965;0,559082;0,0344444;0,0688889;-0,0677778
506;08.25.57;196,25;-36,75;120;0,0773315;-0,452148;0,704346;0,541687;0,00333333;0,0755555;-0,0188889
507;08.26.57;198,062;-37,8125;121,938;0,0847168;-0,463989;0,702576;0,532898;-0,0166667;0,0222222;0,0611111
508;08.27.58;189,187;-31,9375;120,313;0,0431519;-0,438293;0,722351;0,533142;-0,0566667;-0,0444444;-0,0144444
509;08.28.58;186,5;-29,6875;116,062;0,0323486;-0,404724;0,726135;0,554871;0,0566667;-0,0644444;-0,0788889
510;08.29.58;181,187;-26,1875;117,188;0,00598145;-0,39917;0,738892;0,542847;0,0877778;-0,0133333;-0,0233333
511;08.30.58;178,25;-24,1875;116,25;0,00811768;0,387024;-0,743164;-0,545776;-0,0522222;0,0422222;0,0611111
512;08.31.58;164,5;-15,625;118,937;0,0695801;0,368958;-0,772766;-0,511719;0,0788889;-0,00888889;-0,0566667
513;08.32.58;154,5;-11,5;120,25;0,11084;0,379578;-0,776611;-0,490417;0,0677778;0,0377778;-0,0277778
514;08.33.58;151,25;-8,5625;118,125;0,12793;0,349365;-0,781799;-0,500366;0,0144444;-0,00222222;-0,0388889
515;08.34.58;149,437;-8,25;115,937;0,139954;0,350525;-0,770691;-0,513428;0,0344444;-0,0577778;0,0522222
516;08.35.58;146,875;-6,875;114,937;0,15332;0,34491;-0,768982;-0,51593;0,151111;0,0133333;-0,00111111
517;08.36.58;143,125;-2,5;112,937;0,1745;0,300781;-0,777588;-0,523926;0,0322222;0,0844444;-0,0988889
518;08.37.58;135,875;2,5625;108,938;0,218506;0,268921;-0,767883;-0,538757;0,0144444;0,0266667;-0,0255556
519;08.38.58;128,188;4,9375;106,562;0,26123;0,283447;-0,749512;-0,538147;-0,00777778;-0,0422222;-0,0366667
520;08.39.58;131;2,5625;108,687;0,241943;0,300903;-0,755127;-0,529846;0,05;0,0733333;0,07
521;08.40.58;127,5;6,5;107,75;0,260925;0,267883;-0,761597;-0,529297;0,0833333;0,0777778;-0,0677778
522;08.41.58;116,75;11,4375;109,25;0,304871;0,271423;-0,766968;-0,495117;0,0388889;0,02;-0,0766667
523;08.42.58;109,187;13,625;105,375;0,352905;0,287903;-0,738953;-0,496521;0,0788889;0,167778;-0,0255556
524;08.43.58;100,5;15,625;103,188;0,399231;0,31366;-0,714966;-0,480652;-0,0122222;-0,0244444;-0,103333
525;08.44.58;99,0625;21,3125;99,4375;0,42218;0,245544;-0,718811;-0,494751;0,0477778;0,0288889;0,0455555
526;08.45.58;97,75;19,375;97,5625;0,435059;0,275879;-0,697327;-0,498352;-0,0833333;0,12;0,278889
527;08.46.58;90,6875;23;103,375;0,440796;0,279846;-0,726868;-0,446167;0,00111111;0,0355556;0,0122222
528;08.47.58;88,9375;21,8125;102,125;0,452515;0,304504;-0,710571;-0,444519;-0,2;0,0266667;0,0722222
529;08.48.58;87,75;23,6875;97,6875;0,477295;0,282715;-0,693787;-0,459229;-0,0277778;-0,0466667;0,0988889
530;08.49.58;78,75;28,75;97,0625;0,516174;0,274536;-0,691956;-0,423584;-0,0277778;-0,0955555;0,0877778
531;08.50.58;88,6875;23,125;98,5625;0,469604;0,285034;-0,697998;-0,459412;0,0766667;0,0577778;-0,14
532;08.51.58;86,1875;24,375;100,812;0,469971;0,287842;-0,709167;-0,439758;0,0588889;0,127778;0,09
533;08.52.58;83,5625;27,3125;98,875;0,489563;0,264709;-0,706116;-0,437805;-0,0188889;0,0111111;-0,00333333
534;08.53.58;77,3125;29,5625;100,937;0,504333;0,276794;-0,711426;-0,403625;0,0277778;-0,0222222;0,0322222
535;08.54.58;79,5;28;102;0,490784;0,28363;-0,715271;-0,408752;-0,0166667;-0,0644444;-0,00111111
536;08.55.58;82,875;22,5625;105,25;0,460876;0,335388;-0,713623;-0,407227;0,03;-0,0111111;-0,148889
537;08.56.58;78,875;28,5;103,562;0,486389;0,282166;-0,723511;-0,400391;-0,0588889;-0,0933333;0,0211111
538;08.57.58;79;30,875;102,812;0,490662;0,250549;-0,729858;-0,404785;-0,0188889;-0,04;0,116667
539;08.58.58;83,8125;31,5;104,375;0,466736;0,210754;-0,749512;-0,419434;0,0233333;-0,0244444;-0,05
540;08.59.58;80,75;34,6875;103,125;0,485474;0,188232;-0,74707;-0,413208;0,00111111;-0,0222222;-0,0122222
541;09.00.58;78,3125;39;99,9375;0,51001;0,148438;-0,738464;-0,415405;-0,00333333;0,0111111;0,0588889
542;09.01.58;78,6875;40,1875;99,375;0,511719;0,131042;-0,738281;-0,419495;-0,0188889;-0,0755555;0,0144444
543;09.02.58;75,875;44,25;96,9375;0,532837;0,0960693;-0,731079;-0,415283;0,00555556;-0,0666667;0,103333
544;09.03.58;161,75;48,125;95,0625;0,555908;0,074646;-0,723633;-0,402161;-0,0255556;0,0511111;-0,0233333
545;09.04.58;160,938;53,5;91,875;0,569458;0,0109863;-0,714478;-0,406372;-0,0522222;-0,183333;0,0655555
546;09.05.58;162,437;57,8125;95,0625;0,556763;-0,0527344;-0,721741;-0,407898;-0,0611111;-0,0533333;-0,00555556
547;09.06.58;163,875;56,625;103,5;0,527039;-0,0563354;-0,749146;-0,397217;-0,0188889;-0,0511111;-0,142222
548;09.07.58;162,875;54,1875;95,9375;0,551147;-0,010437;-0,728149;-0,407349;-0,00777778;-0,0444444;0,0455555
549;09.08.58;162,625;54,75;87,8125;0,575806;-0,0131226;-0,69928;-0,423401;0,0944444;0,0911111;-0,0877778
550;09.09.58;161,125;51,8125;88,1875;0,58075;0,0314941;-0,699463;-0,415283;-0,03;-0,00444444;0,0344444
551;09.10.58;160;51,875;88;0,585205;0,0374146;-0,698608;-0,409973;0,0922222;-0,0688889;-0,0722222
552;09.11.58;153,125;51,1875;84,625;0,61969;0,0844116;-0,680969;-0,381042;0,01;0,0577778;0,0944444
553;09.12.58;144,937;55,625;96,625;0,606506;0,0848389;-0,724915;-0,315369;0,0233333;-0,0311111;-0,01
554;09.13.58;142,437;57,5;98,4375;0,608704;0,076416;-0,730469;-0,300049;0,00111111;-0,102222;-0,105556
555;09.14.58;131,562;62,625;96,6875;0,643005;0,0808105;-0,721313;-0,244324;0,0166667;0,145556;-0,05
556;09.15.58;131,187;66,6875;93,9375;0,65271;0,0325317;-0,715942;-0,245544;0,0122222;-0,0777778;0,0233333
557;09.16.58;135,812;64,75;96,1875;0,636108;0,0278931;-0,722595;-0,269165;0,0277778;0,0533333;-0,0877778
558;09.17.58;126,75;71,75;93,9375;0,663696;-0,00286865;-0,714661;-0,220764;0,0455555;0,02;-0,0277778
559;09.18.58;117,125;76,6875;93,6875;0,68219;-0,0043335;-0,712341;-0,164856;-0,0122222;0,00666667;0,00777778
560;09.19.58;110,438;79,4375;66,8125;0,720459;-0,00634766;-0,681152;-0,130127;-0,0144444;0,0622222;0,0566667
561;09.20.58;111,625;78,25;64,25;0,724365;-0,0022583;-0,675415;-0,138367;0,09;-0,0422222;-0,0544444
562;09.21.58;107,5;85,375;4,0625;0,711304;-0,0561523;-0,691833;-0,110718;-0,103333;0,02;-0,188889
563;09.22.58;109,562;85,3125;2,5625;0,71991;-0,0857544;-0,677429;-0,124329;-0,0122222;-0,106667;-0,0388889
564;09.23.58;104,562;85,8125;-2,375;0,722046;-0,115479;-0,675903;-0,0923462;-0,0188889;0,0666667;-0,00111111
565;09.24.58;100,75;81,6875;-25,3125;0,748352;-0,102661;-0,651489;-0,0706787;-0,0255556;0,00666667;-0,0144444
566;09.25.58;88,8125;74,75;-74,0625;0,732056;-0,165894;-0,660645;0,00738525;0,01;0,108889;0,0522222
567;09.26.58;92;73,25;-62,875;0,75177;-0,180786;-0,634033;-0,0136108;0,0122222;-0,0333333;-0,142222
568;09.27.58;94,5;73;-55,625;0,762634;-0,182617;-0,619812;-0,0300293;-0,0744444;0,0577778;0,0433333
569;09.28.58;89,625;66,1875;-59,5625;0,77594;-0,22229;-0,590332;0,00213623;-0,0433333;0,0177778;-0,0988889
570;09.29.58;83,0625;57,5625;-54,0625;0,809082;-0,236023;-0,53595;0,0487671;-0,0166667;-0,0222222;0,0322222
571;09.30.58;78,8125;48,8125;-58,1875;0,817078;-0,294006;-0,489563;0,0794678;0,0677778;0,0933333;-0,135556
572;09.31.58;76,625;48,1875;-62,75;0,802002;-0,311218;-0,50116;0,093689;-0,14;0,0533333;0,0388889
573;09.32.58;76,75;39,5625;-70,125;0,781433;-0,377136;-0,476257;0,142334;-0,0855556;-0,0777778;0,14
574;09.33.58;338,125;40,625;-67,1875;0,789612;-0,350281;-0,480164;0,152344;-0,0322222;0,0244444;-0,07
575;09.34.58;78;40,125;-71,125;0,779114;-0,386353;-0,476929;0,127258;0,0233333;-0,0622222;0,01
576;09.35.58;81,0625;37,875;-68,1875;0,792908;-0,38678;-0,451904;0,132141;-0,0877778;-0,00666667;0,00111111
577;09.36.58;85,6875;36,625;-68,5;0,795349;-0,404297;-0,435608;0,119202;0,0655555;0,0844444;-0,116667
578;09.37.58;350,625;42,75;-66,125;0,80249;-0,381226;-0,454285;0,0656738;-0,00777778;0,06;-0,00777778
579;09.38.58;89,5625;34,625;-68,1875;0,799194;-0,414734;-0,418335;0,119446;0,0788889;-0,0133333;-0,09
580;09.39.58;92,375;33;-70,125;0,791565;-0,431702;-0,413574;0,126526;0,0166667;0,0755555;-0,0277778
581;09.40.58;98,4375;28,625;-64,875;0,816284;-0,424683;-0,36615;0,138672;-0,0744444;-0,0155556;-0,0677778
582;09.41.58;105,313;24;-66,8125;0,808228;-0,450012;-0,342896;0,163391;0,0388889;0,0422222;0,0211111
583;09.42.58;114,375;20,5;-67,0625;0,811462;-0,474121;-0,305664;0,152832;-0,128889;-0,0377778;-0,0144444
584;09.43.58;120,313;15,5625;-66;0,813232;-0,478638;-0,274109;0,185669;-0,00555556;0,0488889;0,03
585;09.44.58;121,187;15,6875;-70,6875;0,791687;-0,508789;-0,286072;0,18042;0,0122222;0,0511111;0,118889
586;09.45.58;122,438;14,125;-73,375;0,775085;-0,5271;-0,28949;0,194031;0,0766667;-0,0533333;0,114444
587;09.46.58;129,625;10,6875;-72,875;0,779053;-0,539734;-0,253723;0,19342;-0,0255556;0,0444444;0,101111
588;09.47.58;134,125;7,75;-72,0625;0,781189;-0,542969;-0,229553;0,205383;-0,0344444;-0,00222222;0,0966667
589;09.49.01;140,562;3,6875;-73,4375;0,771118;-0,563171;-0,201538;0,21814;0,0366667;0,0666667;0,00111111
590;09.49.58;142,375;1,1875;-78,8125;0,736938;-0,600952;-0,204285;0,232422;0,0588889;0,0288889;-0,00111111
591;09.50.58;150;1,625;-76,25;0,765564;-0,596497;-0,159729;0,18042;0,00111111;0;-0,0277778
592;09.51.58;160,625;-2,875;-72,6875;0,785278;-0,584717;-0,0995483;0,177551;-0,0544444;-0,0577778;0,116667
593;09.52.58;153,5;1,3125;-69,125;0,80603;-0,552429;-0,129944;0,168091;0,0744444;0,0177778;-0,0255556
594;09.53.58;162,125;-2,625;-69,875;0,802368;-0,565979;-0,0882568;0,167542;-0,01;-0,00888889;0,177778
595;09.54.58;175,187;-11,5625;-68,9375;0,794861;-0,568787;-0,0238647;0,209961;-0,01;0,0111111;-0,137778
596;09.55.58;173,812;-13,625;-68,0625;0,785889;-0,564209;-0,0301514;0,251221;-0,0788889;0,0133333;0,162222
597;09.56.58;180,75;-20,5;-73,4375;0,743286;-0,60553;0,00415039;0,284302;-0,0277778;-0,0133333;-0,0277778
598;09.57.58;185,875;-24,9375;-71,1875;0,738342;-0,594543;0,03125;0,316895;-0,0411111;0,04;0,133333
599;09.58.58;202,187;-36,3125;-71,3125;0,708374;-0,5979;0,11731;0,356323;-0,0566667;-0,02;0,193333
600;09.59.58;203,562;-41,5;-77,5;0,657288;-0,633728;0,132263;0,385803;0,05;-0,0511111;0,09
601;10.00.58;209,625;-46,75;-75,6875;0,660889;-0,615051;0,194092;0,383728;-0,0344444;0,0288889;-0,0611111
602;10.01.58;203,437;-49,5625;-73,125;0,644531;-0,607422;0,192261;0,422607;0,0388889;-0,0488889;0,01
603;10.02.58;194,125;-51,25;-73;0,606934;-0,618835;0,16095;0,472046;-0,00111111;0,0466667;-0,162222
604;10.03.58;187,813;-53,9375;-76;0,569641;-0,636414;0,155334;0,496338;-0,0233333;-0,0888889;0,0388889
605;10.04.58;187,062;-55,0625;-77,5;0,561707;-0,641479;0,163086;0,496338;-0,0122222;-0,0466667;0,0544444
606;10.05.58;186,812;-54,8125;-74,5;0,568237;-0,630554;0,160034;0,503906;-0,03;-0,0466667;-0,0611111
607;10.06.58;186,125;-58,5625;-89,3125;0,527893;-0,675354;0,201843;0,473816;-0,00555556;-0,0288889;-0,105556
608;10.07.58;192,875;-57,8125;-101,375;0,523254;-0,699402;0,252075;0,416565;0,0433333;0,0488889;-0,0633333
609;10.08.58;187,437;-59,75;-104,75;0,496216;-0,708618;0,248901;0,435547;-0,0411111;0,0266667;0,0344444
610;10.09.58;179,187;-67,3125;-119,313;0,447327;-0,700928;0,32074;0,453552;0,0166667;-0,0555556;0,00555556
611;10.10.58;178,812;-67;-127,75;0,431763;-0,707947;0,343811;0,440674;-0,0188889;0,0688889;-0,118889
612;10.11.58;171,375;-68,375;-124,687;0,409912;-0,717712;0,299622;0,476501;0,0811111;-0,0755555;0,0477778
613;10.12.58;171,687;-67,9375;-122,812;0,412781;-0,719055;0,29126;0,477234;0,03;0,00222222;0,0588889
614;10.13.58;172,25;-68,5;-119,125;0,42157;-0,710693;0,289795;0,482971;-0,00333333;-0,0311111;0,0411111
615;10.14.58;161,062;-74,8125;-132,875;0,372864;-0,699097;0,316467;0,521667;0,0855556;0,0244444;0,0211111
616;10.15.58;155,062;-75,5625;-153,312;0,335388;-0,702881;0,342285;0,525635;-0,0211111;-0,0777778;-0,0588889
617;10.16.58;164,875;-75,1875;-134,312;0,389893;-0,685242;0,345825;0,508728;-0,09;0,0644444;0,186667
618;10.17.58;159,625;-77,1875;-136,187;0,370239;-0,684937;0,332764;0,532043;0,0277778;-0,06;0,0522222
619;10.18.58;160,938;-78,3125;-142,688;0,376099;-0,670349;0,361877;0,527466;-0,09;0,0177778;0,153333
620;10.19.58;155,937;-74,9375;-179,312;0,331299;-0,666992;0,430054;0,510315;-0,07;0,0644444;-0,0944444
621;10.20.58;154,063;-76,5;168,75;0,329712;-0,644104;0,446228;0,526611;0,0677778;-0,06;-0,05
622;10.21.58;146,062;-75,6875;148,438;0,295288;-0,632324;0,453247;0,554565;-0,0966667;0,0111111;0,162222
623;10.22.58;144,937;-72,25;144,937;0,282898;-0,623901;0,485046;0,543579;-0,0633333;-0,0933333;0,07
624;10.23.58;137,937;-66,8125;135,062;0,244263;-0,605713;0,522095;0,548523;0,0255556;0,0888889;-0,0477778
625;10.24.58;135;-63,3125;137,5;0,221619;-0,613525;0,537964;0,533875;0,0388889;0,0422222;-0,0522222
626;10.25.58;130;-58,625;146,687;0,181824;-0,662842;0,527466;0,499329;0,00555556;-0,0911111;-0,0144444
627;10.26.58;130,375;-56;148,125;0,177124;-0,659973;0,549194;0,481018;0,0388889;0,0266667;0,0166667
628;10.27.58;127;-52,375;150,5;0,15387;-0,677124;0,554016;0,459167;0,0277778;0,0666667;0,144444
629;10.28.58;118,437;-48,6875;138;0,124023;-0,614075;0,60675;0,489258;-0,0277778;-0,0133333;0,00777778
630;10.29.59;115,125;-46,5;137,125;0,108398;-0,609131;0,61731;0,485962;-0,153333;-0,0933333;0,0877778
631;10.30.59;199,75;-42,1875;136,063;0,0827637;-0,593811;0,643311;0,476135;-0,0211111;-0,0155556;0,0833333
632;10.31.59;201,688;-42,5;136,063;0,0912476;-0,585999;0,649597;0,475708;-0,0433333;0,0444444;-0,0366667
633;10.32.59;203,875;-44,1875;133,687;0,104126;-0,572388;0,64801;0,491577;-0,0233333;0,0155556;-0,01
634;10.33.59;204,75;-43,75;133,062;0,10791;-0,559021;0,658936;0,491638;0,114444;-0,0155556;-0,0877778
635;10.34.59;200,625;-41,375;134,438;0,0872192;-0,569275;0,662354;0,479187;0,00111111;0,13;0,0144444
636;10.35.59;200,688;-39,6875;133,25;0,0874634;-0,542725;0,684875;0,478271;-0,0166667;0;0,0344444
637;10.36.59;196;-39,375;125,875;0,072876;-0,517822;0,677185;0,517639;0,0233333;-0,0466667;-0,0366667
638;10.37.59;196,437;-40,1875;125,75;0,0751953;-0,522461;0,670776;0,520996;-0,0722222;-0,0333333;0,0677778
639;10.38.59;192,75;-38;128,062;0,0565796;-0,53595;0,675232;0,503601;0,0322222;0,00222222;-0,0788889
640;10.39.59;193,75;-40;124,375;0,0640259;-0,528381;0,661194;0,528748;-0,07;0;-0,09
641;10.40.59;184,187;-35,5;120,687;0,0198975;-0,513428;0,666504;0,540161;-0,05;-0,00222222;0,0833333
642;10.41.59;174;-31,9375;125;0,0264893;0,558044;-0,657227;-0,505859;0,0366667;0,0666667;0,144444
643;10.42.59;176,187;-33;127,125;0,0162964;0,570313;-0,654053;-0,496643;0,0455555;0,0266667;-0,0766667
644;10.43.59;171,375;-31,0625;126,25;0,0371704;0,570496;-0,653992;-0,495422;-0,00555556;-0,00222222;0,03
645;10.44.59;169,625;-31,8125;123,125;0,0465088;0,569458;-0,638855;-0,515198;-0,0122222;-0,122222;0,0944444
646;10.45.59;175,812;-34,4375;127,125;0,0178223;0,588257;-0,634766;-0,500732;0,0477778;-0,0555556;-0,0588889
647;10.46.59;171,625;-30,4375;128,312;0,0348511;0,575317;-0,660522;-0,481079;0,0277778;-0,0666667;-0,00333333
648;10.47.59;166,375;-27;124,563;0,05896;0,541321;-0,67804;-0,493713;0,0122222;-0,0444444;-0,0722222
649;10.48.59;166,437;-27,6875;125,937;0,0579834;0,557983;-0,669922;-0,486267;0,0366667;0,0577778;0,0366667
650;10.49.59;173,812;-29;125,125;0,0267334;0,524658;-0,690186;-0,497681;0,0255556;0,00888889;-0,0522222
651;10.50.59;157,25;-21,8125;121;0,100525;0,510376;-0,691895;-0,500732;0,0966667;0,00666667;-0,162222
652;10.51.59;156,625;-22,4375;119,875;0,104858;0,516541;-0,680664;-0,508789;-0,0566667;-0,0666667;-0,0255556
653;10.52.59;154,812;-20,625;124,5;0,10553;0,528442;-0,697205;-0,472717;0,00555556;0,08;0,112222
654;10.53.59;149,812;-17,3125;130,5;0,113403;0,547485;-0,714478;-0,420654;-0,0677778;-0,0466667;0,0433333
655;10.54.59;146,25;-14,375;131;0,123718;0,527405;-0,734741;-0,408325;0,0188889;0,0511111;0,124444
656;10.55.59;138,5;-11,1875;131,625;0,148132;0,530151;-0,738342;-0,389648;-0,00555556;0,125556;-0,0322222
657;10.56.59;137,625;-12,3125;128,312;0,160645;0,536194;-0,718201;-0,413391;0,0877778;0,125556;0,0477778
658;10.57.59;131,125;-7,5;129,562;0,177917;0,507141;-0,747437;-0,390503;-0,0477778;0,0977778;0,0722222
659;10.58.59;128,75;-4,75;127,937;0,189941;0,471497;-0,764465;-0,396545;0,0788889;0,156667;-0,186667
660;10.59.59;126,375;-3,1875;127,062;0,20105;0,459045;-0,76825;-0,398315;-0,09;-0,02;-0,0366667
661;11.00.59;120,062;-1,0625;127,125;0,221802;0,465698;-0,765015;-0,38562;0,0766667;-0,0666667;-0,0166667
662;11.01.59;108,5;3,4375;130,813;0,243652;0,471252;-0,777405;-0,337952;-0,0211111;0,156667;-0,11
663;11.02.59;93,1875;8,0625;132,687;0,278381;0,490723;-0,771423;-0,294312;0,0144444;0,0755555;0,0877778
664;11.03.59;80,625;12,8125;135,75;0,295959;0,482971;-0,784851;-0,251282;0,0277778;-0,0733333;0,101111
665;11.04.59;301,5;16,625;141,563;0,288879;0,457092;-0,816345;-0,203003;-0,0388889;-0,00222222;-0,00777778
666;11.05.59;307,25;21,375;140,625;0,317749;0,41156;-0,830933;-0,197937;-0,0544444;-0,02;0,0122222
667;11.06.59;48,1875;26,5;138,563;0,370239;0,44043;-0,800903;-0,16571;-0,01;0,0666667;0,00555556
668;11.07.59;37,375;29,125;142,937;0,368591;0,438721;-0,809998;-0,124817;0,0722222;-0,0866666;-0,131111
669;11.08.59;34,125;30,5625;143,313;0,376099;0,434998;-0,809937;-0,115417;-0,0655555;-0,0733333;0,164444
670;11.09.59;23,875;37,5;146,375;0,402954;0,367615;-0,833801;-0,0853271;0,0388889;0,00666667;0,0566667
671;11.10.59;22,8125;39,6875;143,875;0,426208;0,365417;-0,823059;-0,0861206;-0,0388889;0,0288889;0,0122222
672;11.11.59;17,25;42,3125;146;0,434998;0,348877;-0,827454;-0,0661621;-0,03;-0,04;0,0811111
673;11.12.59;102,312;45,875;142,5;0,470337;0,362915;-0,802795;-0,0509033;0,0388889;-0,02;0,0144444
674;11.13.59;20,25;42,75;142,312;0,450684;0,351135;-0,816711;-0,0806885;0,00555556;-0,0866666;0,0477778
675;11.14.59;18,75;44,375;143,062;0,456665;0,333984;-0,821106;-0,0753784;-0,00777778;0,04;0,09
676;11.15.59;96,9375;49,625;146,312;0,478882;0,325195;-0,81488;-0,0288696;0,0411111;-0,0444444;0,0388889
677;11.16.59;99,5;49,875;146,062;0,480652;0,305359;-0,821045;-0,0400391;-0,01;0,0155556;-0,00777778
678;11.17.59;90,1875;53,9375;143,187;0,51416;0,340759;-0,787109;-0,000915527;-0,0255556;-0,02;-0,0544444
679;11.18.59;87,1875;60,1875;138,812;0,559753;0,311157;-0,767944;0,0137939;0,0433333;0,104444;-0,0544444
680;11.19.59;78,125;63,75;149,187;0,55426;0,284668;-0,780029;0,0576172;-0,0255556;0,0577778;0,0322222
681;11.20.59;73,5;66,625;152,25;0,563843;0,275391;-0,774353;0,081543;-0,0322222;-0,06;-0,0211111
682;11.21.59;70,75;71,5625;144;0,601746;0,279724;-0,741089;0,102112;0,0744444;0,0555556;-0,03
683;11.22.59;70,3125;71,25;145,313;0,597595;0,281677;-0,743469;0,103638;0,0611111;0;-0,103333
684;11.23.59;73,3125;70,875;147;0,595947;0,260498;-0,754639;0,0869141;0,0277778;0,00444444;-0,16
685;11.24.59;68,1875;76,125;169,187;0,607422;0,183655;-0,763977;0,11676;-0,0277778;-0,0711111;-0,00555556
686;11.25.59;69,125;77,125;176,625;0,613525;0,151733;-0,766663;0,112915;-0,0744444;0,0533333;0,0611111
687;11.26.59;63,6875;78,8125;-153,188;0,626343;0,107605;-0,758057;0,146362;-0,0211111;-0,0111111;0,0255556
688;11.27.59;62,375;80,625;-135,875;0,645325;0,0941772;-0,741333;0,158386;-0,0322222;-0,0111111;-0,0522222
689;11.28.59;60,25;77,1875;-119,5;0,645203;0,0479126;-0,743042;0,171021;-0,05;0,0511111;-0,0522222
690;11.29.59;63,375;82,125;-110,25;0,671509;0,0740356;-0,719971;0,158813;-0,0566667;-0,0355556;0,14
691;11.30.59;63,5625;77,5625;-110,687;0,661987;0,0200806;-0,73291;0,155396;0,0277778;-0,0222222;0,0433333
692;11.31.59;65,125;77,8125;-112,687;0,661865;0,0152588;-0,735107;0,145874;-0,0388889;-0,0111111;0,0433333
693;11.32.59;64,3125;72,625;-112,312;0,649536;-0,0424194;-0,74469;0,147644;0,0344444;0,0688889;-0,14
694;11.33.59;66,1875;75,625;-114,5;0,655518;-0,0154419;-0,74231;0,137878;-0,00111111;-0,0355556;0,00555556
695;11.34.59;65,375;73,6875;-101,5;0,671021;-0,0463257;-0,725342;0,146545;0,0122222;-0,0666667;0,00555556
696;11.35.59;59,25;68,1875;-89,875;0,682007;-0,0788574;-0,702515;0,187439;0,0122222;0,02;-0,101111
697;11.36.59;56,6875;61,25;-92,625;0,6698;-0,14978;-0,699097;0,200378;-0,0477778;0,00666667;0,03
698;11.37.59;58,0625;63,4375;-91,875;0,674561;-0,130432;-0,7005;0,192932;0,0122222;-0,0688889;-0,0188889
699;11.38.59;50,3125;59,0625;-82,8125;0,685791;-0,12915;-0,671997;0,247803;-0,00555556;-0,0755555;0,0722222
700;11.39.59;48,5625;54,5625;-81,6875;0,688416;-0,168091;-0,655945;0,259888;-0,0233333;-0,0288889;-0,0922222
701;11.40.59;48,9375;54,875;-79;0,697571;-0,16217;-0,647278;0,261047;0,0344444;0,04;0,173333
702;11.41.59;45,3125;52,625;-79,9375;0,687561;-0,167969;-0,647339;0,282837;0,0477778;-0,0577778;0,00111111
703;11.42.59;40,75;46,5625;-78,5625;0,685486;-0,205688;-0,623779;0,314148;0,0544444;0,0977778;0,0655555
704;11.43.59;40,8125;42,25;-81,3125;0,664429;-0,232666;-0,624756;0,337769;-0,0477778;-0,0133333;0,0411111
705;11.44.59;46,8125;36,375;-81,0625;0,650269;-0,262695;-0,607544;0,372864;-0,0188889;-0,0666667;-0,0477778
706;11.45.59;55;27,6875;-81,6875;0,618774;-0,305054;-0,585876;0,425171;-0,00555556;-0,0266667;-0,0233333
707;11.46.59;61,5625;22,125;-79,9375;0,610901;-0,331421;-0,556152;0,45575;-0,00111111;-0,0444444;0,0588889
708;11.47.59;61,875;20,8125;-82,8125;0,58844;-0,341858;-0,569824;0,460632;0,00555556;0,02;0,105556
709;11.48.59;70;15,6875;-84,375;0,57312;-0,385681;-0,551636;0,467407;0,0344444;-0,0533333;-0,0966667
710;11.49.59;73,25;11,625;-83,25;0,558228;-0,396973;-0,533936;0,495667;-0,0544444;-0,0422222;0,09
711;11.50.59;82,9375;8;-84,875;0,561218;-0,447205;-0,505981;0,478577;-0,0366667;0,02;-0,0277778
712;11.51.59;87,25;4,0625;-86,5;0,538818;-0,473022;-0,496338;0,489502;-0,0277778;-0,111111;0,0722222
713;11.52.59;86;3,9375;-86,5625;0,532227;-0,467773;-0,501343;0,496582;0,0388889;0,0311111;0,0811111
714;11.53.59;86,5;2,9375;-85,4375;0,530762;-0,465149;-0,494324;0,507507;-0,0166667;-0,0333333;-0,0255556
715;11.54.59;85,375;3,5;-86,875;0,524414;-0,466614;-0,505554;0,501648;0,0211111;0,02;-0,202222
716;11.55.59;84,9375;9,5625;-83,125;0,589783;-0,448853;-0,490417;0,458496;-0,157778;-0,0377778;-0,0522222
717;11.56.59;84,8125;6,6875;-85,3125;0,556091;-0,457092;-0,500427;0,481079;0,0722222;-0,0488889;0,0588889
718;11.57.59;93;2,4375;-87,125;0,546631;-0,500122;-0,474548;0,475159;0,00777778;0,02;-0,0855556
719;11.58.59;95,5625;0,9375;-85,375;0,552734;-0,502258;-0,455505;0,484497;-0,0188889;0,0644444;0,148889
720;11.59.59;97,3125;0,9375;-81;0,579285;-0,487976;-0,429138;0,492065;-0,01;-0,0155556;0,0522222
721;12.00.59;99;-0,0625;-84,9375;0,559875;-0,513733;-0,438599;0,479797;-0,107778;0,0622222;-0,0633333
722;12.01.59;110,563;-6,6875;-84,6875;0,553894;-0,553955;-0,383728;0,488953;-0,0477778;0,0244444;0,137778
723;12.02.59;120,562;-15,75;-89,1875;0,498718;-0,610107;-0,348022;0,507813;0,0233333;-0,04;0,0922222
724;12.03.59;128,25;-19,125;-87,25;0,510559;-0,621887;-0,301453;0,511597;0,0344444;0,0555556;-0,148889
725;12.04.59;134,375;-22,25;-92,1875;0,490051;-0,66333;-0,27887;0,492004;0,0766667;-0,0555556;0,0211111
726;12.05.59;135,438;-23,1875;-92,75;0,484253;-0,668701;-0,273804;0,493286;-0,00555556;-0,0711111;0,103333
727;12.06.59;143,625;-29,0625;-94,6875;0,461914;-0,695618;-0,228333;0,50061;0,0988889;0,0888889;0,0277778
728;12.07.59;153,937;-31,8125;-97,25;0,472107;-0,724976;-0,167542;0,472717;0,118889;-0,0577778;-0,0588889
729;12.08.59;158,5;-35,75;-99,75;0,448486;-0,740906;-0,140503;0,479736;0,0211111;0,0755555;-0,14
730;12.09.59;159,125;-37,1875;-100,187;0,437195;-0,742981;-0,136414;0,488098;-0,0744444;-0,104444;0,191111
731;12.10.59;159,562;-40,75;-99,3125;0,413574;-0,737366;-0,132874;0,517334;0,0144444;-0,0377778;0,0544444
732;12.11.59;157,813;-38,9375;-102,375;0,40863;-0,749512;-0,146851;0,499695;-0,0322222;-0,0777778;0,0788889
733;12.12.59;160,25;-43,4375;-107,062;0,362976;-0,767273;-0,133362;0,511597;0,0855556;-0,00666667;0,0188889
734;12.13.59;161,937;-44,3125;-107,25;0,362366;-0,768982;-0,121887;0,512268;-0,0344444;0;0,101111
735;12.14.59;159,5;-44,625;-106,375;0,353149;-0,762756;-0,137939;0,523865;0,00111111;0,08;-0,101111
736;12.15.59;154,562;-49,6875;-112,625;0,327148;-0,786438;-0,0793457;0,517883;-0,0677778;-0,00888889;-0,0144444
737;12.16.59;152,5;-53,75;-114,437;0,31897;-0,788208;-0,0335083;0,525208;-0,0833333;-0,0244444;0,0722222
738;12.17.59;159,125;-46,4375;-118,562;0,328552;-0,811951;-0,074585;0,476685;-0,0655555;-0,0622222;-0,0766667
739;12.18.59;157,875;-47,8125;-123,687;0,313049;-0,827209;-0,0438843;0,4646;-0,00111111;-0,00222222;-0,0966667
740;12.19.59;149,625;-53,125;-129,625;0,276306;-0,831238;-0,00250244;0,482361;-0,05;-0,0688889;-0,0433333
741;12.20.59;138,625;-58,75;-141,188;0,225037;-0,836243;0,0513306;0,497437;-0,00333333;-0,0177778;-0,0655555
742;12.21.59;135,75;-61,8125;-148,625;0,212585;-0,83075;0,107117;0,503174;0,00333333;-0,0377778;-0,0255556
743;12.22.59;126,875;-66,9375;-164,563;0,177002;-0,81134;0,173096;0,529541;0,0588889;-0,06;0,0144444
744;12.23.59;132,187;-63,5625;-161,562;0,193726;-0,824036;0,178528;0,501526;0,0144444;0,0111111;0,0233333
745;12.24.59;118,937;-64,1875;-175,063;0,133179;-0,827759;0,177063;0,515503;-0,0966667;0,00222222;-0,0988889
746;12.25.59;120,812;-57,5;-176,625;0,128174;-0,852844;0,201965;0,464172;0,00111111;-0,0644444;0,0277778
747;12.26.59;115,75;-57,375;-178,25;0,107239;-0,858582;0,179199;0,46814;-0,0211111;0,0733333;-0,0477778
748;12.27.59;102,062;-55,3125;169,375;0,0493774;-0,859314;0,203247;0,466736;0,0388889;0,0333333;0,0433333
749;12.28.59;102,75;-53,8125;172;0,0505371;-0,870117;0,187683;0,452942;-0,0144444;0,0622222;0,0366667
750;12.29.59;90,4375;-49,8125;161;0,00213623;-0,864136;0,240234;0,4422;0,0277778;-0,102222;-0,0433333
751;12.30.59;85,9375;-49,25;153,688;0,0159302;0,842468;-0,287964;-0,455078;0,0233333;-0,0622222;-0,146667
752;12.31.59;83,6875;-46,625;156,437;0,0235596;0,860596;-0,272095;-0,42981;0,0144444;-0,0333333;0,03
753;12.32.59;95,125;-47,6875;165,5;0,0188599;-0,87616;0,240784;0,417175;0,01;0,0333333;-0,107778
754;12.33.59;177,063;-43,5625;163,687;0,00994873;0,889526;-0,237366;-0,390259;0,157778;0,127778;0,00111111
755;12.34.59;213,375;-41,625;162,125;0,0150757;0,885925;-0,265991;-0,3797;0,0433333;0,111111;0,0166667
756;12.36.00;217,062;-37,4375;159,625;0,036499;0,885498;-0,296936;-0,35553;0,0722222;0,0222222;-0,0433333
757;12.36.59;224,375;-36,125;156,375;0,0407104;0,863464;-0,352844;-0,358215;0,0766667;0,0244444;0,0833333
758;12.37.59;225,25;-32,8125;154,25;0,067749;0,86499;-0,36084;-0,342041;-0,0655555;0,0288889;-0,03
759;12.38.59;231,687;-29,0625;153,437;0,0734863;0,849792;-0,411621;-0,320923;0,09;0,201111;-0,0166667
760;12.40.00;231,125;-27,4375;157,75;0,0548096;0,860718;-0,412048;-0,293945;-0,0588889;0,0555556;0,0766667
761;12.41.00;233,25;-22,875;159,625;0,0580444;0,862854;-0,432678;-0,254761;-0,0611111;-0,0177778;0,00333333
762;12.42.00;235,437;-19,4375;156,875;0,0886841;0,855042;-0,450134;-0,24176;0,0277778;-0,0422222;0,0588889
763;12.43.00;236,562;-19,625;150,938;0,127502;0,840881;-0,452209;-0,268616;-0,0522222;-0,00888889;-0,0811111
764;12.44.00;232,813;-18,4375;152,688;0,129395;0,85968;-0,427124;-0,248596;-0,0455555;-0,0555556;0,101111
765;12.45.00;230,562;-16,3125;152,562;0,145142;0,870056;-0,411011;-0,230347;-0,09;0,0955555;0,0433333
766;12.46.00;232,813;-15,0625;149,625;0,167664;0,857483;-0,425842;-0,235168;-0,0188889;-0,0777778;-0,0388889
767;12.47.00;234;-15;149,437;0,167053;0,852722;-0,434509;-0,237061;0,00111111;-0,0533333;0,0211111
768;12.48.00;233,562;-7,375;152,188;0,182983;0,864929;-0,436584;-0,166687;-0,0966667;0,0133333;-0,0144444
769;12.49.00;234,375;-9,25;152,688;0,169739;0,861511;-0,443115;-0,180603;-0,0522222;0,0244444;-0,0322222
770;12.50.00;239,625;-8,875;149,625;0,184875;0,835083;-0,478516;-0,198792;0,0122222;0,0288889;0,0433333
771;12.51.00;239,562;-10,75;146,875;0,194885;0,828613;-0,474304;-0,224548;0,0166667;0,0577778;-0,0633333
772;12.52.00;242,937;-10,8125;144,375;0,205139;0,808594;-0,495361;-0,24231;0,0166667;-0,145556;-0,0322222
773;12.53.00;252,688;-7,375;145;0,200073;0,767151;-0,563416;-0,2323;-0,112222;-0,0822222;-0,222222
774;12.54.00;249,875;-9;145,437;0,193909;0,780334;-0,545654;-0,236023;-0,00777778;-0,00888889;-0,11
775;12.55.00;254,875;-6,5625;142,688;0,215515;0,751099;-0,575439;-0,241333;0,0411111;-0,0555556;-0,0144444
776;12.56.00;257,687;-1;145;0,228027;0,742737;-0,59845;-0,195496;0,0322222;0,0866666;-0,0655555
777;12.57.00;264,437;5,8125;142,688;0,271729;0,700623;-0,636353;-0,174011;-0,0144444;-0,00666667;0,0277778
778;12.58.00;268;6,6875;142,437;0,272888;0,679749;-0,657104;-0,177979;0,0277778;0,0466667;-0,03
779;12.59.00;273,312;10,375;140;0,301392;0,642456;-0,681335;-0,179321;-0,0211111;-0,0555556;-0,09
780;13.00.00;278,5;13,125;138,625;0,318298;0,607056;-0,704956;-0,182068;0,0411111;-0,0488889;0,0633333
781;13.01.00;274,688;14,0625;140,062;0,321655;0,632568;-0,686951;-0,156616;-0,00555556;-0,00888889;0,03
782;13.02.00;275,187;14,6875;137,875;0,336914;0,624634;-0,684631;-0,166199;0,00333333;0,113333;-0,0433333