id,time,Euler1,Euler2,Euler2,Quat1,Quat2,Quat3,Quat4,Gyro1,Gyro1,Gyro1
1,14:24:38,5.8125, -0.8125, -2.8125,0.998352, -0.024353, 0.00872803, -0.0510864,-0.01, -0.0422222, 0.0222222
2,14:25:38,5.9375, -3.0625, -4.25,0.99762, -0.0356445, 0.0288696, -0.0516357,0.00111111, -0.00222222, 0.0711111
3,14:26:38,2.625, -7.25, -2.0,0.997559, -0.0160522, 0.0641479, -0.0231323,0.0255556, -0.0466667, -0.0311111
4,14:27:38,8.1875, -13.3125, -1.75,0.99054, -0.00665283, 0.117126, -0.0709839,-0.0188889, -0.0422222, 0.0555556
5,14:28:38,15.5, -17.0625, -2.375,0.979614, -0.000183105, 0.150269, -0.133545,-0.0477778, 0.122222, -0.0244444
6,14:29:38,16.9375, -19.8125, -2.3125,0.974121, 0.00622559, 0.17334, -0.145142,-0.0255556, 0.04, -0.203333
7,14:30:39,19.125, -23.5, -0.8125,0.965271, 0.0270996, 0.202454, -0.163025,-0.0188889, 0.0177778, -0.0466667
8,14:31:39,19.625, -24.0, 1.875,0.963623, 0.0508423, 0.20282, -0.166687,-0.0411111, 0.0888889, 0.0688889
9,14:32:41,19.125, -29.0, 4.6875,0.953613, 0.0782471, 0.241699, -0.161438,0.0166667, 0.0755555, -0.141111
10,14:33:39,19.375, -29.5625, 3.875,0.952454, 0.0731201, 0.246887, -0.162903,0.0566667, 0.0288889, 0.08
11,14:34:39,20.5, -31.625, 7.8125,0.944763, 0.10791, 0.258057, -0.170837,-0.0455555, -0.0333333, 0.0711111
12,14:35:39,19.125, -33.75, 9.125,0.940857, 0.11676, 0.275635, -0.158875,-0.03, -0.00666667, -0.0888889
13,14:36:39,19.125, -36.5625, 15.5,0.92865, 0.165283, 0.292969, -0.156616,-0.0344444, -0.108889, -0.00666667
14,14:37:39,20.375, -37.8125, 13.125,0.925537, 0.151917, 0.304138, -0.166809,0.00333333, -0.02, -0.0577778
15,14:38:39,21.625, -41.9375, 11.8125,0.912903, 0.148132, 0.33783, -0.174805,0.0855556, -0.0733333, -0.0555556
16,14:39:39,289.375, -46.1875, 15.375,0.899902, 0.165955, 0.372742, -0.153748,-0.0366667, -0.102222, 0.0711111
17,14:40:39,291.125, -45.9375, 9.125,0.902771, 0.131287, 0.373169, -0.168762,0.0344444, -0.125556, 0.0244444
18,14:41:39,293.625, -54.875, 9.8125,0.866272, 0.148926, 0.44104, -0.181274,0.00777778, 0.0288889, 0.00222222
19,14:42:39,287.75, -57.3125, 13.125,0.862549, 0.143738, 0.466003, -0.134888,-0.107778, 0.0911111, -0.0155556
20,14:43:39,295.625, -62.125, 12.0,0.831909, 0.171265, 0.492493, -0.189819,0.0766667, 0.0911111, -0.00888889
21,14:44:41,291.5, -64.0, 19.8125,0.825562, 0.186768, 0.508911, -0.156738,-0.0411111, 0.178889, -0.0155556
22,14:45:39,296.937, -66.25, 20.5625,0.80658, 0.211853, 0.516602, -0.194031,0.107778, -0.0511111, -0.0733333
23,14:46:39,296.687, -69.5, 29.5625,0.785095, 0.238037, 0.540161, -0.187439,0.0811111, 0.0644444, -0.174444
24,14:47:39,301.187, -73.875, 19.625,0.764465, 0.219482, 0.567322, -0.213501,0.0455555, 0.104444, 0.0
25,14:48:39,304.0, -77.0, 25.6875,0.741394, 0.244202, 0.582458, -0.226746,0.00111111, -0.0155556, 0.0488889
26,14:49:39,298.125, -72.5625, 43.875,0.75647, 0.278015, 0.560913, -0.18927,-0.0566667, -0.0288889, 0.0666667
27,14:50:39,304.437, -74.4375, 29.3125,0.750549, 0.261536, 0.560669, -0.2323,-0.0633333, -0.0844444, 0.0822222
28,14:51:39,305.625, -75.875, 30.875,0.740295, 0.267456, 0.569214, -0.237549,-0.0766667, 0.00888889, 0.0688889
29,14:52:39,308.0, -77.25, 26.9375,0.73114, 0.266357, 0.575317, -0.251892,0.0588889, 0.0155556, -0.06
30,14:53:39,311.812, -76.0625, 20.3125,0.731323, 0.271179, 0.559937, -0.279541,-0.0588889, 0.0111111, 0.00666667
31,14:54:39,307.875, -74.9375, 49.5625,0.722656, 0.327393, 0.555725, -0.248413,0.0677778, -0.0377778, -0.113333
32,14:55:39,308.687, -77.125, 58.6875,0.704712, 0.336487, 0.573486, -0.247498,-0.0277778, 0.00888889, 0.0711111
33,14:56:39,313.25, -80.125, 58.9375,0.685608, 0.338684, 0.584167, -0.271973,0.0544444, -0.0111111, 0.0133333
34,14:57:39,318.313, -82.6875, 43.5,0.674072, 0.328491, 0.58844, -0.302368,-0.101111, 0.02, 0.172222
35,14:58:39,324.625, -86.8125, 2.4375,0.638916, 0.345215, 0.602905, -0.330261,-0.0233333, 0.0711111, -0.00222222
36,14:59:39,331.0, -87.1875, -177.437,0.603088, 0.335327, 0.630371, -0.355652,-0.107778, -0.00666667, 0.0222222
37,15:00:39,329.25, -82.8125, -173.812,0.575623, 0.361267, 0.656494, -0.327332,-0.0722222, -0.0555556, -0.0755555
38,15:01:39,333.312, -80.125, -161.812,0.550781, 0.364868, 0.669312, -0.339966,0.0611111, 0.0266667, 0.00888889
39,15:02:39,334.75, -76.125, -165.937,0.523926, 0.380005, 0.686768, -0.330872,-0.177778, 0.0, 0.136667
40,15:03:39,345.75, -67.375, -153.0,0.452515, 0.374634, 0.728516, -0.352295,0.01, 0.0155556, -0.0911111
41,15:04:39,343.062, -66.0625, -164.125,0.443665, 0.41217, 0.72467, -0.328857,-0.0455555, 0.104444, 0.0155556
42,15:05:39,345.062, -62.125, -170.25,0.411865, 0.458557, 0.720947, -0.316711,0.0455555, 0.0377778, 0.00666667
43,15:06:39,352.812, -54.3125, -162.563,0.353271, 0.432312, 0.768799, -0.311829,-0.0788889, -0.0266667, 0.0533333
44,15:07:39,349.0, -55.0625, -165.688,0.364441, 0.437378, 0.765381, -0.300171,-0.07, -0.0622222, 0.0422222
45,15:08:39,351.437, -54.1875, -163.375,0.355408, 0.429443, 0.77179, -0.305969,0.0255556, 0.111111, -0.0355556
46,15:09:39,359.062, -48.125, -159.687,0.308411, 0.413696, 0.801025, -0.303528,0.00777778, -0.113333, 0.0622222
47,15:10:39,50.1875, -43.125, -151.437,0.260132, 0.383972, 0.820679, -0.333801,-0.0877778, 0.0355556, -0.0511111
48,15:11:39,53.75, -39.6875, -155.813,0.231812, 0.417419, 0.822571, -0.308899,0.0322222, -0.0444444, 0.0377778
49,15:12:39,57.75, -35.5625, -158.562,0.195374, 0.452698, 0.820801, -0.288513,-0.0122222, 0.0333333, 0.00666667
50,15:13:39,48.3125, -27.0625, -151.75,0.128418, 0.386841, 0.861816, -0.30188,0.0388889, 0.0155556, 0.0
51,15:14:39,46.9375, -16.1875, -151.312,0.0380249, 0.382263, 0.880371, -0.278198,0.0388889, -0.0533333, -0.0133333
52,15:15:39,49.3125, -14.375, -150.938,0.0150757, 0.401733, 0.873047, -0.27594,-0.0544444, 0.08, 0.0844444
53,15:16:39,51.8125, -12.875, -150.563,0.00445557, -0.420288, -0.864868, 0.274414,-0.0366667, 0.0, 0.183333
54,15:17:39,54.375, -11.5625, -148.75,0.0276489, -0.438354, -0.8526, 0.283203,-0.0166667, 0.0, -0.0177778
55,15:18:39,53.5625, -5.1875, -145.437,0.0907593, -0.429993, -0.851746, 0.2854,-0.0877778, -0.0955555, 0.0288889
56,15:19:39,52.5625, -1.9375, -142.375,0.126465, -0.419189, -0.848572, 0.296997,0.0366667, 0.0933333, -0.0422222
57,15:20:39,51.25, 4.375, -135.75,0.199768, -0.400574, -0.834778, 0.320618,0.03, 0.0, 0.0244444
58,15:21:39,50.9375, 8.3125, -137.312,0.225769, -0.399658, -0.839111, 0.29187,0.0344444, 0.0511111, -0.0177778
59,15:22:39,51.875, 13.1875, -136.375,0.270264, -0.404175, -0.830261, 0.272522,0.0166667, -0.0711111, 0.0
60,15:23:39,55.75, 10.3125, -136.875,0.255005, -0.433777, -0.819336, 0.274719,-0.0522222, 0.0422222, 0.04
61,15:24:39,52.6875, 12.375, -131.687,0.284851, -0.403381, -0.813599, 0.306946,0.0566667, 0.132222, -0.0155556
62,15:25:39,53.5625, 10.8125, -131.062,0.276611, -0.408875, -0.80957, 0.317627,0.01, -0.00888889, 0.138889
63,15:26:39,60.0, 9.6875, -128.625,0.295288, -0.44989, -0.778259, 0.323669,-0.0677778, 0.00444444, 0.115556
64,15:27:39,59.4375, 11.5, -127.5,0.312866, -0.443237, -0.77594, 0.321838,0.00111111, 0.0555556, -0.00222222
65,15:28:39,63.1875, 11.125, -128.875,0.314148, -0.470886, -0.765625, 0.305542,-0.0722222, 0.0288889, -0.17
66,15:29:39,71.5625, 9.0625, -126.125,0.333923, -0.520325, -0.721619, 0.311523,0.0655555, 0.1, -0.00444444
67,15:30:39,76.75, 6.8125, -124.812,0.338745, -0.549866, -0.693726, 0.318848,0.0211111, 0.08, 0.0244444
68,15:31:39,79.1875, 9.75, -125.063,0.364014, -0.564148, -0.681885, 0.290283,0.0166667, -0.0755555, 0.0577778
69,15:32:39,80.5625, 14.375, -123.25,0.407593, -0.565857, -0.667603, 0.260803,-0.0633333, -0.0977778, 0.0288889
70,15:33:39,79.3125, 15.75, -123.937,0.409973, -0.559814, -0.674866, 0.251221,-0.101111, -0.0622222, 0.0577778
71,15:34:39,82.1875, 16.4375, -122.5,0.428467, -0.572083, -0.655884, 0.242859,0.0788889, 0.0711111, -0.0577778
72,15:35:39,89.875, 12.625, -122.812,0.419739, -0.617676, -0.61908, 0.24292,-0.0344444, -0.0422222, -0.0533333
73,15:36:39,86.6875, 17.375, -123.937,0.434387, -0.601318, -0.636536, 0.21106,-0.01, 0.0222222, 0.143333
74,15:37:39,88.8125, 16.4375, -118.5,0.463806, -0.597656, -0.609802, 0.236389,-0.0122222, 0.0288889, 0.136667
75,15:38:39,89.375, 14.5, -119.187,0.450256, -0.603882, -0.609436, 0.247253,0.0277778, 0.0822222, 0.1
76,15:39:39,90.5, 16.375, -115.375,0.485046, -0.596497, -0.591248, 0.243591,0.0455555, 0.0222222, -0.0444444
77,15:40:39,90.8125, 17.4375, -113.875,0.499756, -0.593079, -0.584229, 0.239075,0.03, -0.0533333, -0.0111111
78,15:41:39,93.125, 12.9375, -113.312,0.482483, -0.604797, -0.572449, 0.271484,-0.0366667, -0.0644444, -0.02
79,15:42:39,93.1875, 13.5, -105.562,0.529419, -0.576782, -0.545837, 0.298462,0.0433333, -0.0577778, -0.0288889
80,15:43:39,95.625, 17.5, -103.875,0.566406, -0.581177, -0.526184, 0.253967,0.0277778, 0.0244444, 0.117778
81,15:44:39,96.0, 19.5625, -95.0625,0.626465, -0.546814, -0.492371, 0.257019,0.0366667, -0.0177778, 0.00666667
82,15:45:39,103.437, 14.4375, -93.875,0.626099, -0.572937, -0.451843, 0.275024,0.0677778, 0.0955555, -0.0511111
83,15:46:39,102.188, 17.5, -91.125,0.652039, -0.55603, -0.447815, 0.255249,0.0188889, 0.0, 0.158889
84,15:47:39,112.75, 15.8125, -88.5625,0.681274, -0.582092, -0.386719, 0.217896,-0.0722222, -0.0577778, 0.0333333
85,15:48:39,115.812, 16.25, -84.4375,0.711121, -0.571106, -0.357788, 0.200256,-0.0633333, -0.0111111, 0.0
86,15:49:39,120.75, 15.4375, -85.625,0.710388, -0.591919, -0.336426, 0.178345,-0.0166667, 0.00222222, 0.04
87,15:50:39,123.312, 14.8125, -82.0,0.732727, -0.578979, -0.312439, 0.173889,0.09, -0.0555556, 0.0133333
88,15:51:39,117.25, 19.875, -78.875,0.754089, -0.546387, -0.332886, 0.148254,0.00555556, -0.00666667, -0.143333
89,15:52:39,117.937, 21.25, -80.4375,0.749451, -0.557251, -0.3349, 0.125,0.0522222, -0.0377778, -0.06
90,15:53:39,113.25, 28.125, -75.75,0.777344, -0.523132, -0.344055, 0.06073,-0.0255556, -0.0577778, 0.132222
91,15:54:39,115.25, 28.5625, -71.8125,0.79718, -0.509155, -0.322632, 0.0352173,0.00333333, 0.0311111, -0.00888889
92,15:55:39,120.438, 24.875, -71.75,0.799377, -0.519592, -0.297119, 0.0521851,-0.0433333, -0.0222222, -0.06
93,15:56:39,124.875, 24.625, -66.625,0.824463, -0.501526, -0.261719, 0.0147095,0.0322222, 0.0311111, 0.0422222
94,15:57:39,126.437, 25.25, -68.4375,0.815979, -0.516235, -0.260071, -0.00274658,-0.0833333, 0.0911111, -0.0155556
95,15:58:39,127.812, 27.25, -63.5,0.833618, -0.49353, -0.241577, -0.0559692,-0.0366667, -0.0933333, -0.0888889
96,15:59:39,128.875, 27.9375, -67.0,0.817505, -0.516479, -0.246887, -0.0631104,-0.0344444, -0.0422222, -0.0288889
97,16:00:39,122.0, 32.375, -61.375,0.831909, -0.477356, -0.264465, -0.100647,0.03, 0.0222222, -0.0155556
98,16:01:39,125.687, 30.6875, -59.875,0.839111, -0.474304, -0.243835, -0.107239,0.0744444, -0.0888889, -0.0244444
99,16:02:39,20.3125, 31.375, -54.5,0.85083, -0.449158, -0.22583, -0.152588,-0.0388889, -0.0644444, 0.0311111
100,16:03:39,18.1875, 29.75, -51.3125,0.867188, -0.425964, -0.217468, -0.138611,-0.0188889, 0.08, 0.19
101,16:04:39,19.125, 28.5625, -44.1875,0.890076, -0.378418, -0.205017, -0.150269,0.0544444, -0.0644444, 0.0311111
102,16:05:39,22.0625, 30.375, -39.5,0.895447, -0.348511, -0.214539, -0.174988,-0.0788889, -0.00444444, -0.0311111
103,16:06:39,23.75, 28.8125, -33.0,0.911316, -0.304077, -0.200378, -0.192078,0.0122222, 0.1, 0.0311111
104,16:07:39,23.0625, 27.5, -33.8125,0.913025, -0.30896, -0.190002, -0.186584,0.0611111, -0.00888889, -0.00666667
105,16:08:39,29.0625, 27.3125, -24.375,0.920471, -0.247192, -0.185486, -0.239258,0.0411111, -0.0422222, -0.102222
106,16:09:39,30.0, 21.875, -23.0625,0.92981, -0.232849, -0.138123, -0.249207,-0.0255556, -0.0333333, 0.0377778
107,16:10:39,33.1875, 20.0625, -19.75,0.929993, -0.207153, -0.122742, -0.277832,0.0922222, 0.0622222, -0.0488889
108,16:11:39,33.25, 17.125, -17.5625,0.936523, -0.184753, -0.102051, -0.279968,0.0522222, -0.00444444, 0.0555556
109,16:12:39,38.1875, 15.5, -14.0625,0.929382, -0.157349, -0.0890503, -0.321899,-0.0144444, 0.0844444, -0.0155556
110,16:13:39,44.1875, 13.5, -8.375,0.917786, -0.110657, -0.0829468, -0.372192,0.0677778, -0.0511111, 0.0644444
111,16:14:39,42.9375, 8.25, -2.25,0.92804, -0.0448608, -0.0596924, -0.36499,-0.0122222, -0.0155556, 0.0622222
112,16:15:39,43.8125, 5.9375, 0.0,0.926575, -0.0202026, -0.0480957, -0.372437,0.00777778, -0.06, 0.0533333
113,16:16:39,45.5625, 0.9375, 1.375,0.921814, 0.00762939, -0.0126343, -0.387329,-0.0455555, -0.0377778, 0.0377778
114,16:17:39,48.0, -6.1875, 1.25,0.911926, 0.0324097, 0.0447998, -0.406616,0.0744444, -0.108889, -0.0222222
115,16:18:39,50.6875, -12.0625, 2.6875,0.898376, 0.0661011, 0.0853882, -0.425781,-0.0811111, -0.0488889, 0.0511111
116,16:19:39,50.5625, -14.8125, 4.5,0.895935, 0.0899658, 0.100403, -0.423157,-0.0611111, 0.0, 0.0
117,16:20:39,56.3125, -19.1875, 7.0625,0.867493, 0.130981, 0.119324, -0.464783,-0.00333333, 0.0666667, -0.0311111
118,16:21:39,50.125, -16.75, 9.0625,0.893311, 0.13147, 0.0999756, -0.417969,0.0388889, 0.0422222, 0.0933333
119,16:22:39,50.875, -23.125, 9.9375,0.881287, 0.160339, 0.146973, -0.419617,-0.0611111, 0.0511111, 0.0533333
120,16:23:39,58.0625, -28.8125, 14.8125,0.840271, 0.223572, 0.163086, -0.466248,-0.124444, 0.02, 0.0422222
121,16:24:39,59.1875, -28.0625, 13.5,0.837769, 0.213989, 0.159729, -0.476318,0.0522222, 0.0422222, -0.08
122,16:25:39,63.0, -32.625, 10.6875,0.81488, 0.217529, 0.197754, -0.499573,-0.0344444, -0.0155556, -0.02
123,16:26:39,60.0625, -34.3125, 13.0,0.822266, 0.233337, 0.20813, -0.475525,-0.0344444, 0.0288889, 0.0311111
124,16:27:39,57.5, -32.4375, 17.1875,0.832825, 0.251221, 0.184387, -0.457458,-0.09, 0.0555556, 0.0333333
125,16:28:39,51.0, -31.1875, 21.0,0.855713, 0.263794, 0.177246, -0.408447,-0.0655555, 0.0, 0.0222222
126,16:29:39,53.4375, -33.4375, 22.4375,0.840332, 0.282959, 0.185364, -0.423523,0.03, 0.0666667, 0.0288889
127,16:30:39,53.625, -33.5, 26.75,0.833313, 0.312805, 0.173096, -0.421631,0.0388889, -0.0533333, -0.02
128,16:31:40,60.75, -39.9375, 25.375,0.793762, 0.330688, 0.210876, -0.464844,-0.0233333, 0.0133333, 0.12
129,16:32:40,335.0, -45.0, 29.3125,0.758057, 0.373779, 0.228271, -0.483215,0.0233333, 0.0133333, -0.122222
130,16:33:39,62.0, -43.0, 38.0,0.761169, 0.415039, 0.198669, -0.457092,-0.03, 0.111111, 0.0422222
131,16:34:39,336.5, -48.4375, 43.75,0.719116, 0.461487, 0.217651, -0.471741,-0.05, 0.0, -0.0377778
132,16:35:39,330.687, -49.75, 43.875,0.738403, 0.451233, 0.253235, -0.432495,-0.0211111, 0.127778, -0.0555556
133,16:36:39,335.187, -54.25, 48.25,0.701965, 0.482666, 0.269714, -0.448914,0.0388889, -0.0222222, -0.0688889
134,16:37:40,331.562, -54.4375, 55.6875,0.699585, 0.509155, 0.278137, -0.417053,0.0855556, -0.0311111, 0.0111111
135,16:38:39,340.375, -60.8125, 55.5,0.652588, 0.520569, 0.302002, -0.460327,-0.07, -0.0555556, 0.132222
136,16:39:40,339.188, -62.5625, 69.25,0.627502, 0.563049, 0.318848, -0.433105,0.0388889, -0.00666667, -0.0866666
137,16:40:40,330.937, -54.0625, 78.625,0.643555, 0.606689, 0.272095, -0.37915,-0.05, 0.00444444, -0.0822222
138,16:41:40,328.562, -51.5, 86.75,0.627441, 0.642761, 0.263123, -0.35199,0.0144444, 0.0, -0.0955555
139,16:42:40,327.187, -49.75, 92.875,0.610352, 0.670044, 0.26001, -0.33313,-0.0388889, -0.143333, 0.0333333
140,16:43:40,325.437, -51.9375, 93.0,0.615601, 0.654846, 0.295715, -0.323669,-0.0855556, -0.0555556, 0.132222
141,16:44:40,336.063, -58.6875, 93.0,0.584412, 0.64563, 0.311401, -0.380432,-0.0722222, 0.0222222, -0.0733333
142,16:45:40,337.437, -61.125, 100.5,0.561584, 0.652161, 0.344116, -0.375305,-0.0366667, -0.0511111, 0.104444
143,16:46:40,340.0, -63.5625, 101.812,0.551514, 0.646057, 0.358704, -0.386963,0.121111, 0.0555556, 0.00444444
144,16:47:40,343.812, -64.375, 102.937,0.537231, 0.65332, 0.348816, -0.403564,0.0766667, 0.00444444, 0.02
145,16:48:40,338.125, -63.9375, 99.25,0.564575, 0.632324, 0.368042, -0.382019,0.0255556, -0.00222222, -0.12
146,16:49:40,343.125, -65.875, 101.25,0.544861, 0.638367, 0.363953, -0.403931,0.0233333, -0.0133333, 0.174444
147,16:50:40,346.0, -63.3125, 118.0,0.494751, 0.686707, 0.365906, -0.386963,0.0277778, -0.0222222, 0.0711111
148,16:51:40,348.5, -63.3125, 124.563,0.472656, 0.697327, 0.375305, -0.386597,0.0166667, 0.0244444, 0.0844444
149,16:52:40,356.375, -64.5, 136.125,0.42804, 0.71106, 0.386658, -0.402039,-0.112222, -0.02, 0.13
150,16:53:40,5.625, -64.125, 150.063,0.374573, 0.728516, 0.397644, -0.41333,-0.0744444, -0.0488889, 0.102222
151,16:54:40,10.375, -59.9375, 158.062,0.331238, 0.758118, 0.397095, -0.397339,-0.07, 0.0866666, -0.0466667
152,16:55:40,10.3125, -61.5625, 162.312,0.335022, 0.734253, 0.432739, -0.401672,-0.07, -0.0222222, -0.0155556
153,16:56:40,13.1875, -56.125, 166.125,0.297363, 0.765869, 0.429016, -0.375488,-0.0833333, -0.0466667, 0.0333333
154,16:57:40,23.4375, -51.3125, 174.187,0.239319, 0.790161, 0.431519, -0.363586,-0.126667, -0.0666667, 0.0577778
155,16:58:40,37.5625, -47.75, -175.563,0.179504, 0.789612, 0.459839, -0.364441,0.0122222, 0.125556, 0.0177778
156,16:59:40,31.0625, -46.8125, 179.187,0.195129, 0.804382, 0.441284, -0.346558,0.0566667, 0.00666667, -0.12
157,17:00:40,122.125, -44.0625, 176.937,0.199524, 0.811035, 0.448059, -0.318787,0.00111111, 0.0711111, 0.0933333
158,17:01:40,121.75, -35.5, -177.25,0.130493, 0.831909, 0.463135, -0.276489,-0.0144444, -0.0888889, -0.0377778
159,17:02:40,124.687, -31.25, -176.375,0.100281, 0.852783, 0.446289, -0.252014,0.0477778, -0.111111, 0.00666667
160,17:03:40,124.5, -29.0, -171.187,0.0563354, 0.85437, 0.449219, -0.255066,-0.0455555, -0.127778, 0.08
161,17:04:40,129.75, -26.8125, -173.812,0.0540161, 0.879578, 0.412048, -0.231628,-0.0233333, -0.0422222, 0.00444444
162,17:05:40,128.688, -23.375, -169.562,0.0115967, 0.879456, 0.421936, -0.220093,-0.0744444, -0.167778, 0.0422222
163,17:06:40,122.562, -18.625, -169.313,0.000183105, 0.861816, 0.471924, -0.185791,-0.0344444, -0.0466667, -0.0488889
164,17:07:40,128.188, -13.5, -170.375,0.0217285, -0.890076, -0.432495, 0.142395,-0.0233333, -0.0266667, -0.0666667
165,17:08:40,127.312, -11.6875, -169.812,0.0327759, -0.888123, -0.439514, 0.130493,0.0588889, -0.115556, -0.0111111
166,17:09:40,125.312, -6.75, -164.687,0.0900879, -0.87915, -0.453857, 0.113892,-0.0344444, -0.0288889, 0.127778
167,17:10:40,121.75, -4.8125, -164.812,0.0941162, -0.865356, -0.481689, 0.101257,0.00555556, -0.0333333, -0.1
168,17:11:40,120.187, -1.5, -161.125,0.135071, -0.855164, -0.491577, 0.093689,0.00555556, -0.0533333, -0.00222222
169,17:12:40,120.187, -2.875, -161.062,0.129639, -0.854919, -0.491455, 0.103943,0.0966667, 0.0, 0.232222
170,17:13:40,122.062, 0.0, -159.312,0.156921, -0.860962, -0.476135, 0.0862427,-0.0611111, 0.0488889, 0.0133333
171,17:14:40,123.625, 5.875, -157.813,0.193054, -0.864197, -0.462646, 0.0439453,-0.0611111, 0.0377778, 0.0288889
172,17:15:40,122.625, 7.8125, -156.125,0.213623, -0.856384, -0.468628, 0.0367432,-0.0211111, -0.0844444, -0.00444444
173,17:16:40,120.687, 8.625, -152.437,0.244202, -0.841797, -0.478821, 0.0490112,0.112222, 0.0688889, 0.0
174,17:17:40,121.812, 6.25, -153.625,0.225403, -0.849731, -0.472656, 0.0612183,-0.0144444, -0.0244444, 0.15
175,17:18:40,120.187, 8.0, -153.0,0.236572, -0.841003, -0.483643, 0.0532227,0.00111111, -0.0955555, -0.0333333
176,17:19:40,120.187, 10.3125, -152.063,0.252502, -0.838318, -0.481689, 0.0380859,-0.0366667, -0.0288889, 0.0711111
177,17:20:40,113.563, 17.625, -150.563,0.291504, -0.800537, -0.523621, 0.000732422,-0.0188889, 0.06, -0.0155556
178,17:21:40,115.125, 24.25, -146.875,0.341309, -0.793152, -0.502563, -0.0426025,-0.0344444, 0.0133333, 0.161111
179,17:22:40,113.5, 30.3125, -146.5,0.36377, -0.775818, -0.508057, -0.0872803,-0.0322222, -0.00888889, -0.00666667
180,17:23:40,115.5, 28.4375, -150.5,0.329895, -0.794617, -0.501282, -0.092041,0.0388889, 0.127778, -0.0155556
181,17:24:40,120.438, 25.8125, -150.938,0.315613, -0.820374, -0.468994, -0.0859985,0.0255556, 0.113333, -0.0133333
182,17:25:40,121.0, 29.6875, -151.812,0.31958, -0.817871, -0.462585, -0.122314,0.0188889, 0.0, -0.00222222
183,17:26:40,121.375, 33.4375, -149.625,0.343811, -0.808594, -0.453857, -0.148132,-0.0655555, 0.0, -0.0511111
184,17:27:40,118.562, 33.0, -153.062,0.323547, -0.803589, -0.477356, -0.147156,0.0411111, 0.0911111, -0.0155556
185,17:28:40,118.375, 31.625, -158.375,0.28418, -0.812866, -0.484741, -0.153442,-0.00111111, -0.0577778, 0.0844444
186,17:29:40,124.875, 29.625, -150.375,0.3255, -0.83075, -0.432861, -0.12854,-0.0233333, 0.113333, 0.104444
187,17:30:40,127.937, 32.8125, -142.562,0.381348, -0.820618, -0.400513, -0.144043,0.00555556, 0.0777778, 0.115556
188,17:31:40,130.062, 35.75, -136.0,0.425659, -0.80658, -0.375793, -0.164612,0.0588889, 0.0311111, -0.0444444
189,17:32:40,126.625, 39.1875, -138.187,0.419006, -0.794067, -0.398438, -0.187378,-0.0877778, -0.08, 0.0333333
190,17:33:40,127.625, 43.9375, -132.938,0.451111, -0.774475, -0.381104, -0.22699,0.05, 0.00888889, -0.00222222
191,17:34:40,148.75, 47.875, -136.75,0.440796, -0.75531, -0.416565, -0.248352,-0.0477778, 0.0577778, -0.06
192,17:35:40,153.125, 50.8125, -134.938,0.448425, -0.74762, -0.405273, -0.275269,0.0722222, 0.00666667, 0.0355556
193,17:36:40,157.625, 53.3125, -138.187,0.437683, -0.737488, -0.422607, -0.293274,-0.114444, -0.00888889, 0.122222
194,17:37:40,162.25, 51.6875, -144.062,0.402954, -0.757996, -0.420044, -0.294312,0.00777778, 0.0244444, 0.0111111
195,17:38:40,156.0, 50.0, -138.563,0.426758, -0.760254, -0.403748, -0.277222,0.126667, 0.0355556, -0.00222222
196,17:39:40,155.125, 49.125, -135.187,0.436157, -0.768738, -0.375916, -0.278503,0.0522222, 0.0, 0.0288889
197,17:40:40,154.063, 48.125, -135.938,0.432129, -0.772644, -0.378357, -0.270447,-0.01, -0.108889, -0.0955555
198,17:41:40,160.062, 55.6875, -133.0,0.454163, -0.731384, -0.396606, -0.318542,-0.0344444, -0.0244444, 0.145556
199,17:42:40,158.0, 57.0625, -122.062,0.494202, -0.713745, -0.367432, -0.333679,0.0611111, 0.0888889, -0.06
200,17:43:40,165.188, 59.8125, -118.437,0.488708, -0.71106, -0.337219, -0.376587,0.0522222, 0.0733333, -0.0333333
201,17:44:40,164.812, 62.1875, -111.25,0.511658, -0.684326, -0.340942, -0.392029,-0.0344444, 0.0266667, -0.122222
202,17:45:40,171.562, 66.0, -104.75,0.506714, -0.668335, -0.324768, -0.437256,-0.0344444, -0.0533333, 0.00222222
203,17:46:40,167.5, 62.75, -101.688,0.524963, -0.672607, -0.306641, -0.421936,-0.0322222, 0.0488889, 0.00666667
204,17:47:40,158.0, 56.5625, -101.125,0.554016, -0.684753, -0.291199, -0.373413,-0.0522222, -0.0577778, 0.125556
205,17:48:40,160.938, 59.25, -88.125,0.580383, -0.641479, -0.283325, -0.41394,0.0122222, -0.0377778, -0.0177778
206,17:49:40,160.875, 58.125, -83.3125,0.593018, -0.631165, -0.266846, -0.422852,0.0477778, -0.0288889, -0.152222
207,17:50:40,159.812, 58.0, -70.3125,0.629333, -0.582764, -0.267212, -0.439209,0.135556, -0.04, -0.0511111
208,17:51:40,166.625, 61.9375, -60.25,0.615906, -0.552795, -0.27948, -0.486816,0.0188889, 0.0777778, 0.0355556
209,17:52:40,169.313, 61.0, -59.0,0.608337, -0.555542, -0.258606, -0.504456,-0.0344444, -0.0577778, -0.0488889
210,17:53:40,171.938, 58.0, -45.25,0.625183, -0.507751, -0.237366, -0.543091,-0.0677778, -0.0755555, 0.0488889
211,17:54:40,176.0, 52.625, -36.4375,0.630371, -0.467346, -0.19458, -0.588501,0.0277778, -0.08, -0.0822222
212,17:55:40,179.25, 54.0625, -23.0625,0.624023, -0.417725, -0.236511, -0.616577,0.0366667, 0.0488889, -0.0266667
213,17:56:40,175.687, 50.9375, -27.5625,0.647095, -0.420227, -0.210022, -0.600525,-0.00777778, 0.00888889, 0.0955555
214,17:57:40,180.562, 50.875, -24.375,0.624207, -0.414124, -0.203491, -0.630432,0.0411111, 0.0266667, -0.0177778
215,17:58:40,181.0, 49.6875, -21.0,0.627258, -0.394897, -0.205811, -0.638977,-0.00333333, -0.0333333, 0.0133333
216,17:59:40,94.625, 44.625, -14.75,0.62262, -0.348572, -0.186707, -0.675232,-0.0655555, -0.0177778, 0.0155556
217,18:00:40,99.125, 43.5, -4.1875,0.60199, -0.300781, -0.218689, -0.706604,0.00111111, 0.0222222, -0.0933333
218,18:01:40,95.5625, 39.0625, -10.4375,0.630737, -0.298706, -0.169861, -0.69574,0.0344444, 0.1, 0.00222222
219,18:02:40,99.0625, 37.5, -6.375,0.613586, -0.275818, -0.173096, -0.71936,-0.0344444, -0.0555556, 0.0422222
220,18:03:40,100.312, 35.0, -3.0625,0.610718, -0.246094, -0.174866, -0.732056,0.00333333, 0.0266667, 0.0133333
221,18:04:40,100.063, 35.125, 0.8125,0.612183, -0.227295, -0.198608, -0.730835,0.00555556, -0.161111, 0.0333333
222,18:05:40,95.5625, 33.5, 0.8125,0.643188, -0.209412, -0.198242, -0.70929,-0.0855556, -0.1, 0.0644444
223,18:06:40,93.5, 29.75, 5.625,0.661133, -0.156982, -0.208557, -0.70343,0.0455555, 0.0577778, 0.0177778
224,18:07:40,91.0625, 25.25, 6.125,0.682861, -0.121521, -0.188416, -0.695313,-0.0144444, 0.0577778, 0.0977778
225,18:08:40,94.875, 21.5, 8.0625,0.662903, -0.0928345, -0.175659, -0.721863,-0.0255556, 0.0133333, 0.08
226,18:09:40,96.75, 15.75, 8.125,0.656189, -0.057373, -0.143005, -0.738647,0.00111111, -0.08, 0.00888889
227,18:10:40,94.125, 14.3125, 8.9375,0.673645, -0.0397339, -0.141052, -0.724365,0.0277778, 0.0333333, -0.167778
228,18:11:40,92.125, 11.75, 10.1875,0.686951, -0.0137939, -0.134827, -0.713928,-0.0477778, -0.0511111, -0.0711111
229,18:12:40,92.75, 6.3125, 13.25,0.683716, 0.0391846, -0.121155, -0.718506,-0.0344444, 0.0644444, -0.0577778
230,18:13:40,88.75, 4.25, 15.1875,0.707825, 0.0679321, -0.119324, -0.692871,-0.0122222, 0.0, 0.127778
231,18:14:40,89.4375, 2.9375, 19.125,0.700195, 0.0992432, -0.135254, -0.69397,-0.0588889, 0.0333333, 0.00888889
232,18:15:40,89.5, -0.0625, 19.125,0.699829, 0.118896, -0.116821, -0.69458,0.0588889, -0.0111111, -0.0511111
233,18:16:40,87.9375, -3.6875, 20.125,0.708191, 0.148865, -0.0974731, -0.683228,-0.0188889, -0.00666667, -0.0155556
234,18:17:40,91.0, -12.125, 23.25,0.682678, 0.215942, -0.0657349, -0.694946,0.00111111, -0.00666667, -0.0266667
235,18:18:40,96.0625, -15.75, 27.5,0.643677, 0.259338, -0.0776978, -0.71582,-0.0188889, -0.0777778, 0.0511111
236,18:19:40,100.25, -23.6875, 25.625,0.612305, 0.294556, -0.0245972, -0.733276,0.0233333, -0.00888889, -0.00666667
237,18:20:40,100.563, -26.1875, 27.5,0.604919, 0.319031, -0.0196533, -0.729309,0.0166667, -0.0155556, -0.06
238,18:21:40,104.937, -35.875, 28.4375,0.563538, 0.378906, 0.0275879, -0.733521,0.0455555, 0.06, 0.0244444
239,18:22:40,104.062, -36.1875, 29.1875,0.567749, 0.383362, 0.0282593, -0.727905,-0.00111111, -0.0488889, 0.0422222
240,18:23:40,102.312, -36.875, 33.0,0.57312, 0.405518, 0.0205688, -0.711792,-0.05, 0.00888889, 0.141111
241,18:24:40,107.375, -40.75, 33.375,0.53479, 0.427979, 0.0283813, -0.728027,0.0277778, 0.0444444, -0.132222
242,18:25:40,14.3125, -45.3125, 34.125,0.545593, 0.452148, 0.0699463, -0.702148,0.0388889, 0.0266667, 0.0888889
243,18:26:40,101.563, -44.6875, 38.1875,0.558044, 0.466431, 0.0588989, -0.683838,-0.0122222, 0.0511111, 0.0311111
244,18:27:40,101.437, -43.3125, 41.375,0.55658, 0.475403, 0.03479, -0.68042,-0.00333333, -0.0844444, 0.113333
245,18:28:40,12.125, -47.3125, 42.125,0.544678, 0.49469, 0.0623779, -0.674316,0.0211111, -0.0533333, 0.0577778
246,18:29:40,6.9375, -46.875, 48.875,0.56366, 0.521729, 0.0585327, -0.637695,-0.0811111, 0.06, -0.167778
247,18:30:40,11.5, -52.1875, 54.8125,0.520081, 0.564941, 0.0682373, -0.636963,0.0144444, -0.0377778, 0.0866666
248,18:31:40,14.75, -59.0, 59.5625,0.484375, 0.598389, 0.108398, -0.628906,-0.105556, -0.08, 0.0711111
249,18:32:40,15.0625, -60.6875, 71.0,0.463074, 0.639465, 0.107239, -0.604248,0.0522222, 0.0466667, 0.132222
250,18:33:40,9.125, -61.125, 82.9375,0.471985, 0.67157, 0.139221, -0.553894,-0.0388889, 0.0488889, 0.132222
251,18:34:40,14.3125, -65.4375, 88.9375,0.435303, 0.685669, 0.161926, -0.560486,-0.0455555, -0.0111111, 0.08
252,18:35:40,19.6875, -67.375, 101.563,0.390747, 0.715454, 0.163818, -0.555542,0.0655555, -0.00222222, 0.0488889
253,18:36:40,20.5, -64.875, 114.0,0.366943, 0.749878, 0.153442, -0.528687,-0.01, -0.0866666, 0.1
254,18:37:40,29.5, -67.6875, 127.0,0.312683, 0.766296, 0.164124, -0.536682,0.0655555, -0.0622222, 0.0422222
255,18:38:40,33.8125, -66.625, 140.625,0.276611, 0.788208, 0.178467, -0.519958,0.142222, -0.0777778, -0.0555556
256,18:39:40,41.6875, -63.9375, 155.313,0.224243, 0.816162, 0.182373, -0.500366,0.05, -0.00666667, 0.0866666
257,18:40:41,47.8125, -56.0625, 171.312,0.170105, 0.849609, 0.232056, -0.442017,0.0855556, 0.00444444, 0.0644444
258,18:41:40,52.125, -57.9375, 175.25,0.156616, 0.840271, 0.240784, -0.459839,0.164444, -0.0622222, -0.102222
259,18:42:40,53.9375, -56.0, 175.187,0.145508, 0.852722, 0.225952, -0.447876,-0.0677778, -0.0622222, -0.138889
260,18:43:40,58.6875, -51.1875, 178.562,0.116272, 0.87262, 0.226868, -0.416626,0.0166667, -0.0222222, -0.174444
261,18:44:40,146.562, -43.0, -172.875,0.059021, 0.889526, 0.267151, -0.365845,-0.0522222, 0.0177778, -0.115556
262,18:45:40,148.625, -39.625, -175.625,0.0618896, 0.90509, 0.254272, -0.335144,0.03, 0.0222222, -0.0333333
263,18:46:40,146.312, -36.375, -170.437,0.0228882, 0.90625, 0.274231, -0.320801,0.0655555, -0.0711111, -0.0977778
264,18:47:41,146.062, -35.875, -168.5,0.00854492, 0.90564, 0.276611, -0.321228,0.0566667, 0.0222222, -0.0733333
265,18:48:40,150.625, -35.6875, -167.062,0.0144043, -0.915527, -0.239685, 0.322754,-0.0344444, 0.0577778, -0.0511111
266,18:49:41,145.938, -32.6875, -166.0,0.019043, -0.911438, -0.278687, 0.302124,0.0788889, 0.111111, 0.0488889
267,18:50:41,145.813, -33.5, -165.688,0.017334, -0.908875, -0.279114, 0.309387,-0.0922222, -0.0644444, 0.0688889
268,18:51:41,142.875, -35.625, -164.187,0.0126953, -0.894836, -0.300293, 0.330078,0.0144444, -0.0111111, 0.0111111
269,18:52:41,142.562, -34.375, -165.75,0.00592041, -0.898499, -0.304321, 0.316223,-0.0633333, -0.04, 0.141111
270,18:53:41,145.187, -33.3125, -164.187,0.027771, -0.906494, -0.283325, 0.311829,0.0655555, 0.0422222, 0.115556
271,18:54:41,145.875, -30.0, -163.5,0.0458374, -0.914673, -0.280273, 0.287659,0.0833333, 0.108889, 0.0822222
272,18:55:41,140.875, -28.5625, -158.187,0.0771484, -0.897888, -0.318665, 0.293884,-0.0544444, 0.0822222, 0.0466667
273,18:56:41,137.75, -27.125, -156.313,0.0884399, -0.88855, -0.343567, 0.290955,0.0144444, 0.0, -0.0555556
274,18:57:41,142.312, -20.4375, -158.125,0.112366, -0.915161, -0.311829, 0.229309,-0.0166667, 0.00888889, -0.00444444
275,18:58:41,136.812, -9.4375, -152.188,0.189697, -0.89978, -0.355835, 0.166687,-0.0211111, -0.0422222, -0.04
276,18:59:41,139.75, -6.3125, -147.5,0.24115, -0.900574, -0.329041, 0.150024,-0.0477778, -0.02, 0.132222
277,19:00:41,137.812, -1.4375, -143.5,0.287537, -0.885925, -0.341919, 0.124512,-0.00111111, 0.143333, -0.0933333
278,19:01:41,132.125, 6.0625, -140.812,0.327881, -0.860535, -0.380798, 0.0834961,0.0411111, 0.04, 0.147778
279,19:02:41,131.25, 8.625, -138.125,0.356018, -0.848755, -0.384216, 0.0722046,0.0122222, 0.0488889, -0.0333333
280,19:03:41,131.062, 9.75, -132.625,0.39978, -0.831177, -0.378113, 0.0797119,0.00111111, 0.0444444, -0.0311111
281,19:04:41,127.812, 12.8125, -130.5,0.421936, -0.812073, -0.397034, 0.0700073,-0.0211111, -0.00444444, 0.0777778
282,19:05:41,130.437, 11.875, -126.688,0.448364, -0.808411, -0.372986, 0.0794067,-0.05, -0.156667, 0.0488889
283,19:06:41,131.062, 14.0, -124.063,0.473145, -0.799805, -0.363831, 0.0637207,0.0277778, 0.0133333, -0.0377778
284,19:07:41,124.5, 23.1875, -120.5,0.516357, -0.757813, -0.398682, 0.0113525,-0.00333333, -0.0355556, -0.0111111
285,19:08:41,124.063, 23.3125, -115.312,0.550293, -0.737244, -0.391235, 0.0239258,0.0611111, -0.0644444, 0.0533333
286,19:09:41,128.25, 24.1875, -112.312,0.571472, -0.738464, -0.35791, -0.000793457,-0.0811111, 0.0288889, 0.0133333
287,19:10:41,125.375, 29.6875, -110.25,0.5896, -0.716736, -0.370056, -0.0410767,-0.0344444, 0.0, -0.0444444
288,19:11:41,119.625, 37.0, -103.688,0.630798, -0.666992, -0.387329, -0.0845947,-0.03, -0.02, 0.0711111
289,19:12:41,112.812, 42.125, -97.5,0.663818, -0.617065, -0.40979, -0.103027,-0.0322222, -0.0466667, 0.176667
290,19:13:41,119.625, 38.4375, -93.1875,0.684082, -0.624573, -0.363098, -0.100586,0.00111111, 0.0311111, 0.0111111
291,19:14:41,116.813, 41.75, -87.375,0.707214, -0.592163, -0.364258, -0.128601,-0.0277778, 0.0222222, -0.147778
292,19:15:41,117.062, 44.0625, -85.25,0.709656, -0.585205, -0.357788, -0.160889,-0.0188889, 0.0222222, -0.0933333
293,19:16:41,120.125, 48.75, -70.375,0.754395, -0.508789, -0.36145, -0.20343,-0.00333333, 0.0444444, -0.0466667
294,19:17:41,26.875, 43.375, -65.5,0.784546, -0.497375, -0.319153, -0.187744,0.0322222, 0.0288889, -0.0577778
295,19:18:41,28.625, 41.8125, -61.0625,0.79895, -0.483215, -0.294067, -0.204285,-0.00777778, -0.0822222, -0.0444444
296,19:19:41,29.0, 40.0625, -55.375,0.81958, -0.455322, -0.275269, -0.212708,-0.00333333, 0.00444444, -0.0933333
297,19:20:41,28.25, 37.3125, -50.375,0.841675, -0.427551, -0.252625, -0.212036,-0.0744444, 0.0222222, 0.00444444
298,19:21:41,36.25, 40.5625, -44.25,0.8349, -0.401978, -0.258057, -0.273376,-0.0411111, 0.0888889, 0.0155556
299,19:22:41,41.5, 41.0, -36.0,0.838928, -0.361023, -0.254272, -0.318115,-0.168889, 0.0622222, 0.04
300,19:23:41,47.3125, 42.625, -34.4375,0.820801, -0.364563, -0.252747, -0.359924,0.0122222, -0.00666667, 0.0911111
301,19:24:41,43.125, 39.375, -34.5,0.841309, -0.354004, -0.237, -0.332642,-0.01, 0.0311111, -0.0111111
302,19:25:41,46.75, 35.625, -30.75,0.845764, -0.332764, -0.200623, -0.365662,-0.0188889, 0.02, 0.04
303,19:26:41,49.4375, 35.75, -29.8125,0.838318, -0.331238, -0.196045, -0.386108,-0.0611111, 0.0133333, -0.08
304,19:27:41,43.4375, 27.5625, -29.0625,0.875061, -0.302979, -0.143738, -0.348999,0.114444, -0.00444444, -0.0422222
305,19:28:41,43.0, 27.6875, -26.125,0.881226, -0.28186, -0.152954, -0.34729,-0.0144444, -0.0177778, 0.0555556
306,19:29:41,45.4375, 22.5625, -19.75,0.891541, -0.225769, -0.121155, -0.373474,0.0255556, -0.0555556, 0.08
307,19:30:41,46.125, 19.6875, -16.25,0.897522, -0.1922, -0.10614, -0.382507,-0.0522222, 0.0511111, 0.19
308,19:31:41,40.75, 16.875, -17.375,0.916565, -0.188904, -0.0887451, -0.341125,0.0166667, -0.0133333, -0.0777778
309,19:32:41,32.9375, 12.75, -21.9375,0.935608, -0.211487, -0.0557861, -0.2771,-0.0166667, 0.0, 0.0311111
310,19:33:41,34.375, 8.6875, -16.5,0.942932, -0.158203, -0.031311, -0.291321,0.0944444, 0.0377778, 0.0933333
311,19:34:41,32.0625, 6.5625, -9.625,0.956055, -0.0964355, -0.0320435, -0.275024,0.0255556, 0.12, -0.0955555
312,19:35:41,36.0, 6.3125, -12.0,0.944336, -0.116028, -0.0202637, -0.307068,0.0744444, 0.0555556, -0.0222222
313,19:36:41,42.5625, 0.1875, -9.375,0.928772, -0.0771484, 0.027832, -0.361511,0.0255556, -0.0155556, 0.0555556
314,19:37:41,47.625, -7.625, -0.5625,0.91272, 0.0223389, 0.0629883, -0.403076,-0.00777778, -0.0133333, -0.0311111
315,19:38:41,47.875, -13.0, -0.375,0.907959, 0.0427856, 0.104858, -0.403503,-0.00333333, -0.02, -0.138889
316,19:39:41,48.75, -19.125, -0.5625,0.898132, 0.0637207, 0.153809, -0.407043,-0.0166667, 0.183333, -0.0155556
317,19:40:41,44.125, -22.5625, 4.25,0.908386, 0.105957, 0.168457, -0.367737,-0.0233333, 0.0222222, 0.1
318,19:41:41,40.6875, -28.125, 9.25,0.906616, 0.153564, 0.202942, -0.336548,-0.0322222, 0.02, 0.00888889
319,19:42:41,42.1875, -30.9375, 11.6875,0.894897, 0.180969, 0.217285, -0.345337,-0.0277778, -0.0555556, 0.0577778
320,19:43:41,44.625, -33.5625, 13.5625,0.879944, 0.205505, 0.229675, -0.361572,0.0166667, -0.117778, 0.08
321,19:44:41,47.125, -37.6875, 18.25,0.857422, 0.252563, 0.247131, -0.374207,0.0322222, 0.0822222, -0.00666667
322,19:45:41,53.1875, -38.9375, 19.5625,0.832214, 0.276062, 0.239685, -0.416809,-0.105556, 0.0577778, 0.00888889
323,19:46:41,56.375, -40.5625, 21.5,0.81427, 0.29895, 0.23877, -0.436462,-0.0655555, -0.0688889, 0.0733333
324,19:47:41,329.875, -47.6875, 24.375,0.777893, 0.339661, 0.28009, -0.448364,-0.0522222, 0.0488889, -0.06
325,19:48:41,332.75, -51.6875, 23.125,0.756226, 0.348022, 0.306702, -0.461487,0.0411111, 0.0311111, 0.04
326,19:49:41,337.0, -56.1875, 23.0625,0.724731, 0.368652, 0.329224, -0.480103,0.0122222, 0.0533333, 0.0
327,19:50:41,338.312, -63.0625, 26.6875,0.693298, 0.399597, 0.372131, -0.470337,-0.00555556, 0.0422222, 0.0866666
328,19:51:41,337.437, -63.3125, 27.25,0.695496, 0.398926, 0.376099, -0.464417,0.0433333, 0.00444444, 0.0733333
329,19:52:41,344.75, -67.875, 20.25,0.653503, 0.405029, 0.39917, -0.499512,0.0366667, -0.0488889, 0.19
330,19:53:41,346.875, -70.4375, 15.75,0.636658, 0.404175, 0.419373, -0.505371,0.121111, 0.115556, 0.0
331,19:54:41,347.438, -73.4375, 23.8125,0.619385, 0.434387, 0.425598, -0.496521,-0.0322222, -0.0222222, 0.0488889
332,19:55:41,350.5, -78.9375, 37.0625,0.579346, 0.475708, 0.444458, -0.490356,-0.0188889, 0.0155556, 0.0155556
333,19:56:41,356.687, -85.3125, 3.0625,0.529602, 0.496643, 0.471985, -0.500061,-0.0433333, -0.00888889, 0.0266667
334,19:57:41,352.75, -80.5625, 93.5,0.527954, 0.550537, 0.449219, -0.465149,0.09, -0.0422222, 0.0711111
335,19:58:41,359.187, -81.125, 137.375,0.474121, 0.576538, 0.47345, -0.467651,-0.0144444, 0.0, 0.0133333
336,19:59:41,6.6875, -78.0625, 172.562,0.419128, 0.593628, 0.499695, -0.471436,0.0388889, -0.00444444, 0.0
337,20:00:41,14.25, -75.0, -176.812,0.373779, 0.619019, 0.495911, -0.480835,-0.0233333, 0.0511111, 0.0222222
338,20:01:41,12.0625, -78.0625, 178.125,0.396301, 0.607117, 0.484131, -0.489868,-0.0766667, -0.00666667, 0.0111111
339,20:02:41,9.25, -74.625, -176.563,0.3927, 0.597473, 0.524658, -0.462097,0.03, 0.0222222, -0.156667
340,20:03:41,8.0625, -72.0, -177.187,0.385559, 0.602783, 0.539551, -0.443726,-0.0277778, 0.0622222, 0.0933333
341,20:04:41,9.6875, -71.5625, -176.375,0.377258, 0.608765, 0.535767, -0.447205,-0.0366667, 0.0311111, 0.0822222
342,20:05:41,12.0, -66.6875, -173.75,0.346436, 0.623352, 0.554932, -0.428345,-0.0677778, 0.02, -0.125556
343,20:06:41,22.5625, -64.4375, -166.437,0.299316, 0.644653, 0.542419, -0.447937,-0.0922222, 0.0, 0.0333333
344,20:07:41,27.1875, -61.8125, -161.312,0.273376, 0.640808, 0.559875, -0.448608,0.0144444, 0.108889, -0.106667
345,20:08:41,33.625, -55.375, -159.75,0.228088, 0.655029, 0.580811, -0.426086,-0.01, 0.0444444, -0.00222222
346,20:09:41,38.75, -50.4375, -158.625,0.195068, 0.659851, 0.600891, -0.406799,-0.0433333, -0.0511111, -0.0133333
347,20:10:41,94.25, -44.0, -155.375,0.139404, 0.666687, 0.618347, -0.392029,0.0366667, -0.00222222, -0.0488889
348,20:11:41,93.25, -40.1875, -148.438,0.0842896, 0.6604, 0.623962, -0.409241,-0.0788889, -0.0266667, -0.00222222
349,20:12:41,96.0625, -33.625, -147.125,0.0195923, 0.685608, 0.615967, -0.387451,-0.0744444, -0.0644444, 0.106667
350,20:13:41,99.625, -32.1875, -150.0,0.0112305, 0.711121, 0.600586, -0.365356,-0.0344444, 0.0288889, -0.0688889
351,20:14:41,97.375, -29.375, -149.0,0.00640869, -0.702026, -0.616943, 0.355652,-0.0744444, 0.0, -0.02
352,20:15:41,100.75, -32.0625, -151.812,0.0160522, 0.719543, 0.596436, -0.355408,0.0166667, -0.00888889, -0.178889
353,20:16:41,101.937, -29.9375, -153.062,0.00518799, 0.731506, 0.592468, -0.337402,-0.01, 0.04, -0.12
354,20:17:41,107.0, -27.6875, -153.312,0.0218506, -0.760986, -0.562683, 0.322266,-0.0766667, -0.06, 0.0711111
355,20:18:41,111.812, -29.4375, -161.937,0.0273438, 0.791443, 0.536072, -0.292358,-0.0144444, -0.0533333, -0.134444
356,20:19:41,109.75, -22.1875, -163.687,0.00274658, 0.795044, 0.558716, -0.236145,-0.0655555, -0.0177778, 0.163333
357,20:20:41,109.938, -14.375, -158.75,0.0738525, -0.798889, -0.559692, 0.207581,-0.0522222, -0.02, -0.0333333
358,20:21:41,111.437, -16.8125, -160.687,0.0502319, -0.806274, -0.549316, 0.213684,0.0966667, 0.0111111, 0.0511111
359,20:22:41,116.0, -11.8125, -162.563,0.0707397, -0.834229, -0.52063, 0.167297,-0.01, -0.00222222, 0.0888889
360,20:23:41,115.0, -8.375, -160.0,0.105469, -0.828796, -0.527283, 0.154846,0.0677778, 0.0911111, 0.0355556
361,20:24:41,118.937, -7.5625, -160.313,0.111572, -0.846985, -0.49939, 0.144043,-0.0366667, -0.00666667, -0.0177778
362,20:25:41,118.937, -2.375, -159.562,0.141907, -0.847595, -0.499695, 0.108093,-0.00333333, -0.145556, -0.136667
363,20:26:41,123.375, 1.8125, -158.375,0.172852, -0.864807, -0.465576, 0.0741577,-0.0255556, -0.00666667, -0.0244444
364,20:27:41,128.062, -0.75, -157.813,0.169922, -0.882446, -0.42926, 0.090332,0.0744444, -0.0577778, 0.0311111
365,20:28:41,126.812, 5.6875, -152.75,0.231812, -0.86853, -0.434143, 0.0591431,-0.103333, -0.108889, 0.04
366,20:29:41,128.875, 10.5625, -149.625,0.274109, -0.867432, -0.41449, 0.0250244,0.07, 0.0133333, -0.0955555
367,20:30:41,126.187, 16.875, -147.687,0.308899, -0.848328, -0.42981, -0.0151978,-0.0544444, 0.0777778, 0.0822222
368,20:31:41,129.188, 16.125, -146.062,0.318237, -0.856445, -0.406311, -0.0114136,-0.0366667, -0.125556, -0.00666667
369,20:32:41,127.937, 17.125, -145.375,0.326294, -0.849365, -0.414673, -0.0142212,-0.0166667, -0.0533333, -0.0666667
370,20:33:41,127.25, 18.3125, -142.5,0.351013, -0.83905, -0.415405, -0.0132446,0.00111111, 0.0, 0.0933333
371,20:34:41,126.187, 24.625, -136.937,0.406372, -0.813782, -0.412415, -0.0505981,-0.0544444, 0.08, 0.0266667
372,20:35:41,125.312, 24.1875, -134.125,0.425537, -0.803284, -0.415222, -0.0354004,-0.0477778, 0.0377778, 0.0666667
373,20:36:41,126.625, 25.1875, -130.437,0.453003, -0.795837, -0.399841, -0.0402222,0.09, 0.0266667, -0.0422222
374,20:37:41,120.5, 31.0, -128.562,0.478333, -0.76062, -0.434021, -0.0653687,0.0633333, 0.02, 0.145556
375,20:38:41,118.875, 34.0, -122.187,0.522949, -0.731262, -0.431702, -0.0734863,0.0366667, -0.0977778, -0.00666667
376,20:39:41,120.0, 36.4375, -117.062,0.554932, -0.715881, -0.413025, -0.0947876,-0.0922222, 0.0, 0.00888889
377,20:40:41,116.125, 42.0625, -113.625,0.578186, -0.683777, -0.42572, -0.130127,0.0588889, 0.00888889, -0.0955555
378,20:41:41,123.438, 45.6875, -111.625,0.583435, -0.679077, -0.409424, -0.175598,0.0122222, 0.0733333, -0.106667
379,20:42:41,125.687, 50.75, -107.0,0.607361, -0.63678, -0.432739, -0.195679,0.0255556, -0.0555556, -0.1
380,20:43:42,122.25, 52.25, -99.4375,0.644165, -0.596436, -0.441101, -0.186462,-0.0433333, 0.0266667, -0.0666667
381,20:44:41,121.625, 53.3125, -92.875,0.669922, -0.56897, -0.437622, -0.189697,0.0566667, -0.0555556, 0.0133333
382,20:45:42,121.438, 48.375, -90.125,0.680054, -0.595642, -0.382202, -0.191528,0.0388889, 0.0622222, -0.06
383,20:46:41,119.813, 46.5, -82.0,0.715088, -0.570862, -0.355652, -0.19043,0.0122222, 0.00222222, -0.0155556
384,20:47:42,29.75, 44.3125, -79.0,0.728455, -0.569336, -0.328308, -0.19342,0.00555556, 0.0688889, 0.0666667
385,20:48:42,122.875, 49.8125, -76.5625,0.727051, -0.539551, -0.366333, -0.214844,-0.00555556, 0.00222222, 0.0977778
386,20:49:41,125.75, 50.9375, -68.125,0.747681, -0.505798, -0.355896, -0.241821,0.0166667, 0.0422222, -0.0644444
387,20:50:42,129.312, 50.375, -60.5,0.762939, -0.482788, -0.332581, -0.272461,-0.0366667, -0.0466667, 0.0844444
388,20:51:42,133.812, 51.6875, -56.625,0.759583, -0.472229, -0.326416, -0.305786,0.0544444, 0.0377778, 0.0866666
389,20:52:42,133.187, 45.875, -45.625,0.801514, -0.421814, -0.28064, -0.317627,0.0233333, -0.0666667, 0.0577778
390,20:53:42,134.375, 46.5625, -39.3125,0.809814, -0.387329, -0.290833, -0.331055,0.0344444, -0.0533333, -0.0955555
391,20:54:42,137.875, 45.3125, -31.25,0.817566, -0.348022, -0.280396, -0.363098,-0.0233333, -0.0266667, 0.0244444
392,20:55:42,51.4375, 42.3125, -20.0625,0.828979, -0.283386, -0.269775, -0.399658,-0.0233333, -0.00444444, 0.111111
393,20:56:42,53.5625, 40.3125, -14.625,0.831604, -0.248718, -0.263611, -0.420837,-0.0188889, -0.0177778, -0.163333
394,20:57:42,54.0, 37.6875, -6.25,0.841858, -0.187744, -0.267639, -0.429443,0.131111, 0.0844444, -0.0133333
395,20:58:42,51.6875, 36.5, -2.6875,0.854553, -0.15448, -0.273132, -0.413818,0.0411111, 0.0466667, 0.0733333
396,20:59:42,46.8125, 33.1875, -3.75,0.878906, -0.139771, -0.250854, -0.380859,0.0277778, 0.0311111, -0.0422222
397,21:00:42,46.0625, 31.6875, 0.25,0.885071, -0.105164, -0.252197, -0.37677,0.0522222, -0.0377778, -0.0622222
398,21:01:42,50.75, 32.5625, 4.125,0.866577, -0.0916138, -0.26709, -0.411499,-0.0388889, -0.0155556, -0.0133333
399,21:02:42,50.75, 28.5625, 5.125,0.874451, -0.0691528, -0.241211, -0.415161,0.0166667, -0.04, 0.0311111
400,21:03:42,52.25, 21.4375, 7.4375,0.880127, -0.0269165, -0.195374, -0.431763,0.07, -0.102222, 0.0466667
401,21:04:42,52.9375, 18.1875, 8.1875,0.88147, -0.00915527, -0.173157, -0.43927,-0.0188889, -0.0222222, 0.0266667
402,21:05:42,46.9375, 13.75, 6.4375,0.909058, 0.00286865, -0.13208, -0.395142,-0.0166667, -0.0111111, -0.0177778
403,21:06:42,46.0, 11.8125, 7.75,0.91333, 0.020874, -0.121399, -0.388123,-0.0922222, 0.0777778, 0.0222222
404,21:07:42,46.25, 5.375, 12.375,0.913208, 0.0809326, -0.0861206, -0.389954,0.0944444, -0.04, 0.0288889
405,21:08:42,47.1875, 1.875, 13.5,0.90979, 0.101379, -0.062439, -0.397583,-0.0344444, 0.0, 0.06
406,21:09:42,39.8125, -1.125, 14.5,0.932434, 0.122681, -0.032959, -0.338257,-0.0255556, 0.0666667, -0.0933333
407,21:10:42,38.5, -6.0, 13.625,0.936035, 0.129028, 0.0107422, -0.327209,-0.0988889, 0.02, -0.0333333
408,21:11:42,43.3125, -7.125, 14.8125,0.919739, 0.1427, 0.0112915, -0.36554,0.0388889, -0.0355556, 0.0133333
409,21:12:42,53.25, -10.5, 19.3125,0.877686, 0.189392, 0.00823975, -0.440125,-0.0833333, -0.174444, 0.0444444
410,21:13:42,57.5, -14.375, 20.375,0.856201, 0.212219, 0.0284424, -0.470154,-0.0788889, -0.0377778, 0.0133333
411,21:14:42,56.8125, -16.8125, 20.3125,0.856628, 0.221252, 0.0496826, -0.46344,0.00111111, 0.0488889, -0.00222222
412,21:15:42,60.5, -23.25, 23.9375,0.828369, 0.272583, 0.0797119, -0.482849,0.0988889, 0.0111111, 0.134444
413,21:16:42,61.8125, -25.875, 24.125,0.818481, 0.283142, 0.0974731, -0.490356,0.0166667, 0.0311111, -0.0622222
414,21:17:42,61.8125, -23.875, 28.5625,0.814209, 0.307312, 0.0645142, -0.488281,0.0255556, -0.0666667, -0.0266667
415,21:18:42,57.0, -22.75, 34.0625,0.825134, 0.340332, 0.0495605, -0.448242,0.0455555, 0.00222222, -0.0111111
416,21:19:42,53.875, -22.125, 33.5625,0.838867, 0.333557, 0.0551147, -0.426636,0.03, 0.0377778, 0.0
417,21:20:42,53.9375, -19.6875, 37.5,0.832581, 0.35553, 0.0216675, -0.424194,-0.0366667, -0.13, -0.0777778
418,21:21:42,55.125, -23.0, 38.875,0.821167, 0.374268, 0.0430908, -0.42865,0.0655555, -0.0333333, 0.00222222
419,21:22:42,60.25, -28.625, 40.0625,0.790588, 0.399048, 0.0719604, -0.458862,-0.0922222, 0.0422222, 0.0822222
420,21:23:42,60.3125, -30.0625, 42.6875,0.781738, 0.4198, 0.0767822, -0.454712,-0.0122222, 0.00444444, -0.0133333
421,21:24:42,58.9375, -30.25, 47.6875,0.774414, 0.451843, 0.0699463, -0.437256,-0.126667, 0.0511111, 0.1
422,21:25:42,58.0, -32.8125, 50.9375,0.764587, 0.476807, 0.0899658, -0.424133,0.0122222, 0.0644444, -0.00666667
423,21:26:42,58.375, -35.1875, 58.6875,0.736633, 0.527771, 0.0966187, -0.411743,0.00111111, -0.06, -0.0155556
424,21:27:42,58.5, -34.9375, 59.5,0.733521, 0.532959, 0.0922241, -0.41156,0.0388889, 0.0244444, -0.147778
425,21:28:42,57.0625, -36.5, 61.125,0.731506, 0.541992, 0.112061, -0.398193,0.0455555, -0.0466667, -0.0155556
426,21:29:42,54.0, -36.1875, 67.6875,0.719727, 0.577759, 0.11554, -0.367126,0.00111111, 0.0622222, 0.1
427,21:30:42,57.0625, -42.1875, 76.0,0.674683, 0.620178, 0.160889, -0.366455,-0.0344444, 0.0622222, 0.0488889
428,21:31:42,52.5, -36.125, 80.375,0.675415, 0.6474, 0.11676, -0.333191,0.0477778, 0.00888889, 0.0933333
429,21:32:42,50.5, -39.75, 87.6875,0.64917, 0.67395, 0.175171, -0.306213,0.0388889, 0.0911111, -0.0511111
430,21:33:42,44.75, -35.875, 93.25,0.63855, 0.703003, 0.170044, -0.262939,-0.00777778, -0.0111111, 0.0822222
431,21:34:42,41.4375, -33.9375, 96.1875,0.630859, 0.717834, 0.171448, -0.239441,-0.0166667, -0.0133333, -0.192222
432,21:35:42,41.9375, -34.5625, 105.0,0.585144, 0.754211, 0.196106, -0.224243,0.0522222, 0.0488889, -0.0133333
433,21:36:42,37.25, -30.5, 108.25,0.572449, 0.77594, 0.181763, -0.192871,-0.0255556, 0.0, 0.0377778
434,21:37:42,34.0, -29.875, 112.875,0.55072, 0.789856, 0.210876, -0.168396,-0.0566667, -0.0133333, 0.0422222
435,21:38:42,33.75, -32.6875, 116.188,0.536255, 0.784424, 0.265503, -0.162964,0.00111111, -0.111111, -0.0222222
436,21:39:42,26.25, -26.375, 117.687,0.525818, 0.808533, 0.234009, -0.122681,-0.0233333, 0.0666667, -0.0111111
437,21:40:42,29.125, -27.1875, 120.562,0.506104, 0.818176, 0.238953, -0.131775,-0.0477778, -0.0244444, -0.0111111
438,21:41:42,28.75, -27.25, 124.563,0.482239, 0.826294, 0.263367, -0.12384,-0.0588889, 0.0888889, 0.0755555
439,21:42:42,31.5, -32.875, 129.0,0.467285, 0.79834, 0.356262, -0.131836,-0.0344444, -0.13, -0.0266667
440,21:43:42,29.25, -33.0, 128.437,0.473083, 0.7901, 0.36969, -0.123596,-0.00111111, -0.0177778, 0.0244444
441,21:44:42,31.5, -33.3125, 136.625,0.42627, 0.791565, 0.420959, -0.1203,0.0566667, 0.0555556, 0.145556
442,21:45:42,36.0, -31.9375, 143.687,0.378174, 0.80658, 0.437378, -0.123047,-0.0233333, -0.0111111, -0.06
443,21:46:42,34.5625, -31.1875, 143.5,0.377075, 0.809204, 0.435059, -0.117188,0.0166667, 0.1, -0.0422222
444,21:47:42,123.5, -27.875, 143.625,0.369019, 0.815063, 0.437683, -0.0891724,-0.0344444, -0.0533333, 0.02
445,21:48:42,122.187, -26.1875, 145.313,0.354004, 0.816162, 0.450439, -0.0749512,-0.0411111, -0.0577778, 0.00444444
446,21:49:42,123.375, -20.5625, 152.437,0.285889, 0.842773, 0.45282, -0.0542603,0.0211111, 0.0622222, 0.163333
447,21:50:42,125.312, -21.6875, 153.312,0.281982, 0.850098, 0.438904, -0.0716553,-0.0588889, -0.0288889, -0.0466667
448,21:51:42,123.687, -15.625, 152.937,0.266174, 0.849731, 0.454773, -0.0160522,-0.01, 0.0622222, -0.0755555
449,21:52:42,124.063, -15.625, 151.812,0.274536, 0.849304, 0.450684, -0.0130005,-0.155556, -0.0511111, -0.0444444
450,21:53:42,118.562, -19.8125, 156.813,0.254272, 0.8302, 0.493225, -0.0534058,-0.00111111, 0.0555556, 0.0133333
451,21:54:42,116.75, -15.1875, 158.562,0.224792, 0.829651, 0.51062, -0.0199585,-0.107778, 0.0888889, 0.0866666
452,21:55:42,117.125, -13.875, 161.75,0.195862, 0.836609, 0.510986, -0.0237427,0.0233333, -0.04, 0.0622222
453,21:56:42,119.437, -10.625, 162.187,0.179199, 0.84967, 0.495972, -0.00415039,0.0411111, -0.0555556, -0.0422222
454,21:57:42,117.062, -9.875, 165.062,0.154907, 0.842712, 0.515564, -0.00738525,0.01, 0.0155556, 0.115556
455,21:58:42,121.5, -5.625, 170.687,0.0947266, 0.868713, 0.486145, -0.00378418,0.03, 0.0488889, 0.0866666
456,21:59:47,123.937, 3.875, 170.375,0.0578613, 0.879272, 0.467651, 0.0692139,0.0233333, 0.0244444, -0.0822222
457,22:00:42,123.937, 9.0625, 172.438,0.0198975, 0.878174, 0.467285, 0.100647,-0.0522222, 0.122222, 0.0288889
458,22:01:42,119.875, 11.3125, 172.187,0.00842285, 0.859497, 0.496948, 0.11908,0.0388889, 0.0488889, -0.0955555
459,22:02:42,119.187, 14.75, 174.312,0.0238037, -0.854309, -0.501282, -0.135193,-0.0566667, 0.02, 0.0288889
460,22:03:42,114.125, 17.25, 174.25,0.0411987, -0.829102, -0.536316, -0.152405,-0.00777778, -0.0444444, 0.0577778
461,22:04:42,110.438, 18.75, 171.938,0.0380859, -0.808899, -0.56073, -0.172729,-0.0344444, 0.02, 0.0777778
462,22:05:42,113.5, 19.875, 173.687,0.0512085, -0.822754, -0.53894, -0.17334,0.00111111, 0.0111111, -0.0777778
463,22:06:42,117.75, 23.9375, 176.687,0.0845947, -0.837036, -0.505371, -0.191711,0.0433333, 0.0355556, -0.0311111
464,22:07:42,117.687, 27.5, 174.625,0.086853, -0.830383, -0.501953, -0.225586,-0.0144444, 0.0488889, 0.0711111
465,22:08:42,115.25, 27.0625, 174.125,0.0859375, -0.820007, -0.519958, -0.223328,0.00777778, 0.0333333, -0.0933333
466,22:09:42,111.0, 33.0625, 178.25,0.15033, -0.790222, -0.542542, -0.242004,0.00333333, -0.00222222, -0.0844444
467,22:10:42,104.375, 37.8125, 177.25,0.183289, -0.746948, -0.579956, -0.268616,0.0388889, 0.0444444, -0.125556
468,22:11:42,103.688, 35.875, 178.5,0.181885, -0.748108, -0.587463, -0.249329,-0.0233333, -0.0333333, 0.0111111
469,22:12:42,103.688, 36.6875, 177.125,0.178284, -0.746155, -0.586121, -0.26062,-0.0188889, -0.125556, 0.0
470,22:13:42,105.375, 37.875, 177.562,0.182922, -0.752319, -0.572876, -0.269043,-0.16, 0.00666667, 0.0311111
471,22:14:42,102.812, 41.5, 179.063,0.216248, -0.73053, -0.583618, -0.280884,0.0633333, -0.0155556, -0.154444
472,22:15:42,190.5, 48.6875, -179.312,0.263794, -0.706299, -0.575317, -0.317139,-0.0255556, 0.0, 0.0711111
473,22:16:42,189.625, 49.6875, 179.688,0.270874, -0.69104, -0.588379, -0.32074,-0.0122222, -0.0911111, 0.04
474,22:17:42,192.188, 56.3125, 178.25,0.296082, -0.674805, -0.5672, -0.367676,-0.0122222, -0.00222222, -0.141111
475,22:18:42,188.0, 55.5, -177.125,0.305603, -0.687195, -0.557312, -0.351807,-0.105556, -0.0955555, -0.187778
476,22:19:42,186.0, 59.9375, 177.312,0.334229, -0.628174, -0.596313, -0.371582,0.0211111, -0.0844444, 0.06
477,22:20:42,182.562, 64.5, -176.75,0.369019, -0.626648, -0.567566, -0.385986,0.05, 0.0866666, -0.0888889
478,22:21:42,178.812, 67.5625, -175.063,0.397705, -0.601868, -0.572327, -0.389893,0.07, 0.0155556, -0.0866666
479,22:22:42,185.125, 70.3125, 174.125,0.388672, -0.581848, -0.573364, -0.426147,-0.00555556, -0.0111111, -0.234444
480,22:23:42,184.438, 73.6875, 167.0,0.409302, -0.549133, -0.578735, -0.442749,-0.0233333, -0.0422222, 0.0511111
481,22:24:42,185.75, 74.5, 163.0,0.40918, -0.543152, -0.576721, -0.452759,0.103333, 0.00444444, -0.0377778
482,22:25:42,184.187, 74.9375, 122.375,0.446533, -0.425354, -0.623474, -0.480591,0.0811111, 0.0, 0.00666667
483,22:26:42,178.5, 77.6875, 117.813,0.48053, -0.407715, -0.619202, -0.468445,0.03, 0.00666667, 0.0288889
484,22:27:42,173.375, 78.625, 108.5,0.511169, -0.374756, -0.624756, -0.456055,-0.0344444, 0.0888889, -0.0644444
485,22:28:42,171.812, 80.1875, 98.0,0.527771, -0.370911, -0.611816, -0.457764,0.0322222, -0.0888889, -0.0333333
486,22:29:42,173.438, 80.9375, 106.625,0.515625, -0.39447, -0.605713, -0.460022,0.0388889, 0.00666667, -0.06
487,22:30:42,171.0, 79.625, 79.5625,0.546265, -0.351318, -0.600281, -0.466797,0.0544444, -0.0688889, -0.02
488,22:31:42,169.812, 77.0625, 67.8125,0.564575, -0.3172, -0.597717, -0.472656,0.0388889, -0.0822222, -0.02
489,22:32:42,170.625, 72.4375, 55.1875,0.583069, -0.280212, -0.579956, -0.495178,0.0433333, -0.134444, -0.06
490,22:33:42,166.0, 71.3125, 44.125,0.617737, -0.259949, -0.563538, -0.48291,0.0788889, 0.00888889, -0.0533333
491,22:34:42,162.437, 73.5, 45.25,0.624634, -0.260925, -0.576294, -0.457825,0.0455555, 0.00666667, -0.0844444
492,22:35:42,163.812, 69.6875, 47.3125,0.628296, -0.228882, -0.574768, -0.471741,0.0788889, -0.0177778, 0.0177778
493,22:36:42,163.937, 69.5625, 56.875,0.615845, -0.214539, -0.599243, -0.464355,-0.0388889, -0.0822222, -0.0155556
494,22:37:42,165.125, 65.125, 59.375,0.61731, -0.171143, -0.603149, -0.47522,-0.151111, -0.0888889, 0.1
495,22:38:42,160.187, 65.3125, 54.0,0.645447, -0.156067, -0.594238, -0.453857,0.0322222, -0.0933333, -0.0133333
496,22:39:42,159.187, 65.625, 42.375,0.664734, -0.17865, -0.561951, -0.45874,-0.0455555, 0.0422222, 0.0555556
497,22:40:42,160.125, 64.375, 46.9375,0.658691, -0.162292, -0.571472, -0.461792,-0.01, -0.0422222, 0.19
498,22:41:42,159.125, 60.6875, 51.4375,0.664856, -0.111389, -0.579041, -0.458496,-0.01, 0.0177778, 0.00444444
499,22:42:42,160.5, 62.625, 52.4375,0.653259, -0.134399, -0.584778, -0.461792,0.0433333, 0.0244444, 0.0422222
500,22:43:42,161.875, 63.4375, 58.0625,0.636292, -0.138794, -0.602173, -0.461792,0.07, 0.106667, -0.0755555
501,22:44:42,158.313, 64.125, 53.0,0.656982, -0.137024, -0.59198, -0.446289,-0.0188889, -0.0644444, -0.0733333
502,22:45:42,157.125, 67.3125, 58.5,0.645569, -0.152954, -0.613281, -0.42865,-0.0211111, -0.0577778, -0.06
503,22:46:42,162.75, 60.125, 67.6875,0.620605, -0.0935669, -0.629883, -0.45752,-0.0944444, -0.0644444, 0.0466667
504,22:47:42,158.812, 56.8125, 59.25,0.65979, -0.0535889, -0.5979, -0.452026,-0.0477778, -0.0533333, 0.0488889
505,22:48:42,159.438, 51.9375, 55.125,0.675598, -0.0203247, -0.568909, -0.468506,-0.0144444, -0.00222222, 0.0133333
506,22:49:42,160.125, 46.0, 58.0625,0.676636, 0.0410156, -0.561157, -0.474976,-0.0722222, -0.0577778, 0.0977778
507,22:50:43,74.0625, 40.75, 58.0625,0.667847, 0.0712891, -0.542969, -0.504089,0.171111, -0.0133333, -0.00666667
508,22:51:42,67.0625, 43.375, 57.75,0.694153, 0.0795898, -0.547791, -0.460144,0.0233333, -0.00444444, 0.0288889
509,22:52:42,68.0, 40.125, 55.0625,0.702637, 0.0936279, -0.522095, -0.474243,0.01, 0.0177778, 0.104444
510,22:53:42,69.9375, 38.375, 54.9375,0.697815, 0.0990601, -0.514648, -0.48822,-0.0811111, 0.0222222, 0.04
511,22:54:43,72.0625, 38.375, 55.75,0.685974, 0.0934448, -0.520752, -0.499512,0.0144444, -0.0533333, 0.00888889
512,22:55:43,72.125, 30.3125, 58.8125,0.687378, 0.175415, -0.496155, -0.50061,-0.0255556, -0.0577778, 0.115556
513,22:56:43,72.75, 28.25, 62.875,0.674194, 0.208923, -0.505554, -0.496155,-0.03, 0.0177778, 0.125556
514,22:57:43,64.0625, 25.875, 59.8125,0.722229, 0.250793, -0.459534, -0.452026,0.01, 0.122222, -0.125556
515,22:58:43,62.0, 22.9375, 62.0625,0.724976, 0.293701, -0.445313, -0.43573,-0.00555556, 0.0266667, 0.00666667
516,22:59:43,56.5, 20.0, 65.75,0.73291, 0.355591, -0.425659, -0.393921,-0.00555556, -0.115556, 0.0622222
517,23:00:43,54.5, 21.8125, 71.6875,0.714355, 0.381592, -0.456665, -0.368103,-0.0211111, 0.0977778, -0.176667
518,23:01:43,53.3125, 19.125, 72.9375,0.713928, 0.413208, -0.437012, -0.358582,-0.0255556, 0.0311111, -0.0355556
519,23:02:43,52.9375, 17.5, 69.375,0.731384, 0.406494, -0.408569, -0.364563,-0.00333333, -0.02, -0.0355556
520,23:03:43,53.75, 13.875, 69.8125,0.728455, 0.430786, -0.383667, -0.369568,0.0122222, 0.0155556, 0.0
521,23:04:43,55.6875, 8.4375, 73.1875,0.708862, 0.479065, -0.357361, -0.374634,-0.00555556, -0.0133333, 0.02
522,23:05:43,58.3125, 1.6875, 79.4375,0.671387, 0.548523, -0.328369, -0.374817,0.0811111, 0.00666667, -0.192222
523,23:06:43,51.0625, 0.9375, 81.9375,0.680969, 0.586731, -0.293152, -0.325684,-0.0322222, -0.0222222, -0.218889
524,23:07:43,48.75, -0.125, 86.625,0.662476, 0.62561, -0.281799, -0.300476,0.03, 0.08, -0.163333
525,23:08:43,48.125, -3.875, 91.25,0.638367, 0.670654, -0.24707, -0.285706,-0.0322222, -0.08, 0.00666667
526,23:09:43,43.1875, -0.3125, 94.375,0.631714, 0.683899, -0.26593, -0.250122,-0.0122222, -0.0466667, 0.00222222
527,23:10:43,36.25, 0.9375, 94.5,0.644958, 0.694031, -0.240234, -0.211365,0.0655555, 0.08, 0.0288889
528,23:11:43,36.0, -0.875, 95.75,0.637451, 0.709167, -0.218262, -0.207458,-0.0811111, 0.0133333, 0.0355556
529,23:12:43,30.5625, 1.4375, 98.0,0.632813, 0.722656, -0.217529, -0.173401,-0.0166667, 0.02, -0.132222
530,23:13:43,28.4375, 1.625, 96.0,0.648193, 0.714966, -0.203857, -0.16449,-0.0166667, 0.0711111, 0.0111111
531,23:14:43,25.6875, 0.3125, 96.1875,0.650635, 0.724854, -0.170837, -0.148621,0.0388889, -0.0533333, -0.0755555
532,23:15:43,24.5625, 4.8125, 94.5625,0.662598, 0.702271, -0.216675, -0.144348,0.0233333, 0.0711111, 0.0422222
533,23:16:43,17.6875, 7.25, 97.125,0.653992, 0.71991, -0.208862, -0.101868,0.01, -0.0311111, -0.0177778
534,23:17:43,20.125, 5.0, 96.9375,0.653015, 0.722168, -0.19635, -0.116089,-0.0611111, -0.0266667, 0.0577778
535,23:18:43,23.5, 3.75, 96.125,0.654297, 0.716797, -0.199036, -0.136047,-0.0388889, 0.1, -0.102222
536,23:19:43,14.25, 5.875, 95.125,0.669678, 0.718933, -0.166321, -0.0837402,0.00111111, 0.0111111, -0.136667
537,23:20:43,10.5, 2.5, 99.0,0.646423, 0.75354, -0.103577, -0.0595093,-0.0477778, -0.0333333, 0.141111
